Nivell_academic,Sexe,Nom_Districte,Codi_Districte,Any,Nombre
Batxillerat/FPII,Dona,Ciutat Vella,1,2009,8545
Batxillerat/FPII,Dona,Ciutat Vella,1,2010,8225
Batxillerat/FPII,Dona,Ciutat Vella,1,2011,8033
Batxillerat/FPII,Dona,Ciutat Vella,1,2012,8297
Batxillerat/FPII,Dona,Ciutat Vella,1,2013,8429
Batxillerat/FPII,Dona,Ciutat Vella,1,2014,8312
Batxillerat/FPII,Dona,Ciutat Vella,1,2015,8141
Batxillerat/FPII,Dona,Ciutat Vella,1,2016,8525
Batxillerat/FPII,Dona,Ciutat Vella,1,2017,8593
Batxillerat/FPII,Dona,Ciutat Vella,1,2018,8542
Batxillerat/FPII,Dona,Ciutat Vella,1,2019,8947
Batxillerat/FPII,Dona,Ciutat Vella,1,2020,9253
Batxillerat/FPII,Dona,Eixample,2,2009,31200
Batxillerat/FPII,Dona,Eixample,2,2010,30409
Batxillerat/FPII,Dona,Eixample,2,2011,30483
Batxillerat/FPII,Dona,Eixample,2,2012,31837
Batxillerat/FPII,Dona,Eixample,2,2013,31863
Batxillerat/FPII,Dona,Eixample,2,2014,31369
Batxillerat/FPII,Dona,Eixample,2,2015,30790
Batxillerat/FPII,Dona,Eixample,2,2016,31138
Batxillerat/FPII,Dona,Eixample,2,2017,31238
Batxillerat/FPII,Dona,Eixample,2,2018,30771
Batxillerat/FPII,Dona,Eixample,2,2019,30762
Batxillerat/FPII,Dona,Eixample,2,2020,30880
Batxillerat/FPII,Dona,Gràcia,6,2009,14012
Batxillerat/FPII,Dona,Gràcia,6,2010,13530
Batxillerat/FPII,Dona,Gràcia,6,2011,13352
Batxillerat/FPII,Dona,Gràcia,6,2012,13940
Batxillerat/FPII,Dona,Gràcia,6,2013,13901
Batxillerat/FPII,Dona,Gràcia,6,2014,13776
Batxillerat/FPII,Dona,Gràcia,6,2015,13492
Batxillerat/FPII,Dona,Gràcia,6,2016,13965
Batxillerat/FPII,Dona,Gràcia,6,2017,14035
Batxillerat/FPII,Dona,Gràcia,6,2018,13905
Batxillerat/FPII,Dona,Gràcia,6,2019,13867
Batxillerat/FPII,Dona,Gràcia,6,2020,13842
Batxillerat/FPII,Dona,Horta-Guinardó,7,2009,16743
Batxillerat/FPII,Dona,Horta-Guinardó,7,2010,16499
Batxillerat/FPII,Dona,Horta-Guinardó,7,2011,16833
Batxillerat/FPII,Dona,Horta-Guinardó,7,2012,17944
Batxillerat/FPII,Dona,Horta-Guinardó,7,2013,18151
Batxillerat/FPII,Dona,Horta-Guinardó,7,2014,18139
Batxillerat/FPII,Dona,Horta-Guinardó,7,2015,18158
Batxillerat/FPII,Dona,Horta-Guinardó,7,2016,18329
Batxillerat/FPII,Dona,Horta-Guinardó,7,2017,18625
Batxillerat/FPII,Dona,Horta-Guinardó,7,2018,18773
Batxillerat/FPII,Dona,Horta-Guinardó,7,2019,19275
Batxillerat/FPII,Dona,Horta-Guinardó,7,2020,19732
Batxillerat/FPII,Dona,Les Corts,4,2009,10009
Batxillerat/FPII,Dona,Les Corts,4,2010,9768
Batxillerat/FPII,Dona,Les Corts,4,2011,9893
Batxillerat/FPII,Dona,Les Corts,4,2012,10508
Batxillerat/FPII,Dona,Les Corts,4,2013,10395
Batxillerat/FPII,Dona,Les Corts,4,2014,10252
Batxillerat/FPII,Dona,Les Corts,4,2015,10096
Batxillerat/FPII,Dona,Les Corts,4,2016,10066
Batxillerat/FPII,Dona,Les Corts,4,2017,10124
Batxillerat/FPII,Dona,Les Corts,4,2018,10045
Batxillerat/FPII,Dona,Les Corts,4,2019,9879
Batxillerat/FPII,Dona,Les Corts,4,2020,9836
Batxillerat/FPII,Dona,Nou Barris,8,2009,13148
Batxillerat/FPII,Dona,Nou Barris,8,2010,13123
Batxillerat/FPII,Dona,Nou Barris,8,2011,13592
Batxillerat/FPII,Dona,Nou Barris,8,2012,14729
Batxillerat/FPII,Dona,Nou Barris,8,2013,15109
Batxillerat/FPII,Dona,Nou Barris,8,2014,15198
Batxillerat/FPII,Dona,Nou Barris,8,2015,15359
Batxillerat/FPII,Dona,Nou Barris,8,2016,15099
Batxillerat/FPII,Dona,Nou Barris,8,2017,15597
Batxillerat/FPII,Dona,Nou Barris,8,2018,16108
Batxillerat/FPII,Dona,Nou Barris,8,2019,16744
Batxillerat/FPII,Dona,Nou Barris,8,2020,17450
Batxillerat/FPII,Dona,Sant Andreu,9,2009,14303
Batxillerat/FPII,Dona,Sant Andreu,9,2010,14145
Batxillerat/FPII,Dona,Sant Andreu,9,2011,14559
Batxillerat/FPII,Dona,Sant Andreu,9,2012,15461
Batxillerat/FPII,Dona,Sant Andreu,9,2013,15634
Batxillerat/FPII,Dona,Sant Andreu,9,2014,15648
Batxillerat/FPII,Dona,Sant Andreu,9,2015,15652
Batxillerat/FPII,Dona,Sant Andreu,9,2016,15627
Batxillerat/FPII,Dona,Sant Andreu,9,2017,15815
Batxillerat/FPII,Dona,Sant Andreu,9,2018,15904
Batxillerat/FPII,Dona,Sant Andreu,9,2019,16194
Batxillerat/FPII,Dona,Sant Andreu,9,2020,16607
Batxillerat/FPII,Dona,Sant Martí,10,2009,21094
Batxillerat/FPII,Dona,Sant Martí,10,2010,21075
Batxillerat/FPII,Dona,Sant Martí,10,2011,21554
Batxillerat/FPII,Dona,Sant Martí,10,2012,23149
Batxillerat/FPII,Dona,Sant Martí,10,2013,23498
Batxillerat/FPII,Dona,Sant Martí,10,2014,23610
Batxillerat/FPII,Dona,Sant Martí,10,2015,23493
Batxillerat/FPII,Dona,Sant Martí,10,2016,23753
Batxillerat/FPII,Dona,Sant Martí,10,2017,23970
Batxillerat/FPII,Dona,Sant Martí,10,2018,23937
Batxillerat/FPII,Dona,Sant Martí,10,2019,24445
Batxillerat/FPII,Dona,Sant Martí,10,2020,24872
Batxillerat/FPII,Dona,Sants-Montjuïc,3,2009,16777
Batxillerat/FPII,Dona,Sants-Montjuïc,3,2010,16623
Batxillerat/FPII,Dona,Sants-Montjuïc,3,2011,16900
Batxillerat/FPII,Dona,Sants-Montjuïc,3,2012,18061
Batxillerat/FPII,Dona,Sants-Montjuïc,3,2013,18385
Batxillerat/FPII,Dona,Sants-Montjuïc,3,2014,18415
Batxillerat/FPII,Dona,Sants-Montjuïc,3,2015,18238
Batxillerat/FPII,Dona,Sants-Montjuïc,3,2016,18232
Batxillerat/FPII,Dona,Sants-Montjuïc,3,2017,18470
Batxillerat/FPII,Dona,Sants-Montjuïc,3,2018,18456
Batxillerat/FPII,Dona,Sants-Montjuïc,3,2019,18864
Batxillerat/FPII,Dona,Sants-Montjuïc,3,2020,19297
Batxillerat/FPII,Dona,Sarrià-Sant Gervasi,5,2009,18914
Batxillerat/FPII,Dona,Sarrià-Sant Gervasi,5,2010,18343
Batxillerat/FPII,Dona,Sarrià-Sant Gervasi,5,2011,18626
Batxillerat/FPII,Dona,Sarrià-Sant Gervasi,5,2012,19791
Batxillerat/FPII,Dona,Sarrià-Sant Gervasi,5,2013,19908
Batxillerat/FPII,Dona,Sarrià-Sant Gervasi,5,2014,19703
Batxillerat/FPII,Dona,Sarrià-Sant Gervasi,5,2015,19524
Batxillerat/FPII,Dona,Sarrià-Sant Gervasi,5,2016,20331
Batxillerat/FPII,Dona,Sarrià-Sant Gervasi,5,2017,20340
Batxillerat/FPII,Dona,Sarrià-Sant Gervasi,5,2018,19929
Batxillerat/FPII,Dona,Sarrià-Sant Gervasi,5,2019,19486
Batxillerat/FPII,Dona,Sarrià-Sant Gervasi,5,2020,19254
Batxillerat/FPII,Dones,Ciutat Vella,1,2021,9470
Batxillerat/FPII,Dones,Ciutat Vella,1,2022,9292
Batxillerat/FPII,Dones,Eixample,2,2021,31257
Batxillerat/FPII,Dones,Eixample,2,2022,30737
Batxillerat/FPII,Dones,Gràcia,6,2021,13931
Batxillerat/FPII,Dones,Gràcia,6,2022,13760
Batxillerat/FPII,Dones,Horta-Guinardó,7,2021,20104
Batxillerat/FPII,Dones,Horta-Guinardó,7,2022,20115
Batxillerat/FPII,Dones,Les Corts,4,2021,9841
Batxillerat/FPII,Dones,Les Corts,4,2022,9868
Batxillerat/FPII,Dones,Nou Barris,8,2021,18032
Batxillerat/FPII,Dones,Nou Barris,8,2022,17989
Batxillerat/FPII,Dones,Sant Andreu,9,2021,16963
Batxillerat/FPII,Dones,Sant Andreu,9,2022,16932
Batxillerat/FPII,Dones,Sant Martí,10,2021,25218
Batxillerat/FPII,Dones,Sant Martí,10,2022,25368
Batxillerat/FPII,Dones,Sants-Montjuïc,3,2021,19622
Batxillerat/FPII,Dones,Sants-Montjuïc,3,2022,19654
Batxillerat/FPII,Dones,Sarrià-Sant Gervasi,5,2021,19089
Batxillerat/FPII,Dones,Sarrià-Sant Gervasi,5,2022,18813
Batxillerat/FPII,Home,Ciutat Vella,1,2009,10109
Batxillerat/FPII,Home,Ciutat Vella,1,2010,9658
Batxillerat/FPII,Home,Ciutat Vella,1,2011,9377
Batxillerat/FPII,Home,Ciutat Vella,1,2012,9698
Batxillerat/FPII,Home,Ciutat Vella,1,2013,9771
Batxillerat/FPII,Home,Ciutat Vella,1,2014,9565
Batxillerat/FPII,Home,Ciutat Vella,1,2015,9323
Batxillerat/FPII,Home,Ciutat Vella,1,2016,9606
Batxillerat/FPII,Home,Ciutat Vella,1,2017,9732
Batxillerat/FPII,Home,Ciutat Vella,1,2018,9668
Batxillerat/FPII,Home,Ciutat Vella,1,2019,10460
Batxillerat/FPII,Home,Ciutat Vella,1,2020,10845
Batxillerat/FPII,Home,Eixample,2,2009,31078
Batxillerat/FPII,Home,Eixample,2,2010,30301
Batxillerat/FPII,Home,Eixample,2,2011,30258
Batxillerat/FPII,Home,Eixample,2,2012,31844
Batxillerat/FPII,Home,Eixample,2,2013,31903
Batxillerat/FPII,Home,Eixample,2,2014,31588
Batxillerat/FPII,Home,Eixample,2,2015,31014
Batxillerat/FPII,Home,Eixample,2,2016,31373
Batxillerat/FPII,Home,Eixample,2,2017,31400
Batxillerat/FPII,Home,Eixample,2,2018,31023
Batxillerat/FPII,Home,Eixample,2,2019,31070
Batxillerat/FPII,Home,Eixample,2,2020,31272
Batxillerat/FPII,Home,Gràcia,6,2009,14285
Batxillerat/FPII,Home,Gràcia,6,2010,13845
Batxillerat/FPII,Home,Gràcia,6,2011,13789
Batxillerat/FPII,Home,Gràcia,6,2012,14331
Batxillerat/FPII,Home,Gràcia,6,2013,14283
Batxillerat/FPII,Home,Gràcia,6,2014,13978
Batxillerat/FPII,Home,Gràcia,6,2015,13764
Batxillerat/FPII,Home,Gràcia,6,2016,14102
Batxillerat/FPII,Home,Gràcia,6,2017,14021
Batxillerat/FPII,Home,Gràcia,6,2018,13826
Batxillerat/FPII,Home,Gràcia,6,2019,13874
Batxillerat/FPII,Home,Gràcia,6,2020,13866
Batxillerat/FPII,Home,Horta-Guinardó,7,2009,18090
Batxillerat/FPII,Home,Horta-Guinardó,7,2010,17799
Batxillerat/FPII,Home,Horta-Guinardó,7,2011,17923
Batxillerat/FPII,Home,Horta-Guinardó,7,2012,18874
Batxillerat/FPII,Home,Horta-Guinardó,7,2013,19048
Batxillerat/FPII,Home,Horta-Guinardó,7,2014,18894
Batxillerat/FPII,Home,Horta-Guinardó,7,2015,18892
Batxillerat/FPII,Home,Horta-Guinardó,7,2016,18964
Batxillerat/FPII,Home,Horta-Guinardó,7,2017,19131
Batxillerat/FPII,Home,Horta-Guinardó,7,2018,19175
Batxillerat/FPII,Home,Horta-Guinardó,7,2019,19630
Batxillerat/FPII,Home,Horta-Guinardó,7,2020,20113
Batxillerat/FPII,Home,Les Corts,4,2009,9355
Batxillerat/FPII,Home,Les Corts,4,2010,9057
Batxillerat/FPII,Home,Les Corts,4,2011,9198
Batxillerat/FPII,Home,Les Corts,4,2012,9875
Batxillerat/FPII,Home,Les Corts,4,2013,9930
Batxillerat/FPII,Home,Les Corts,4,2014,9734
Batxillerat/FPII,Home,Les Corts,4,2015,9497
Batxillerat/FPII,Home,Les Corts,4,2016,9508
Batxillerat/FPII,Home,Les Corts,4,2017,9484
Batxillerat/FPII,Home,Les Corts,4,2018,9229
Batxillerat/FPII,Home,Les Corts,4,2019,9122
Batxillerat/FPII,Home,Les Corts,4,2020,9149
Batxillerat/FPII,Home,Nou Barris,8,2009,14271
Batxillerat/FPII,Home,Nou Barris,8,2010,14107
Batxillerat/FPII,Home,Nou Barris,8,2011,14378
Batxillerat/FPII,Home,Nou Barris,8,2012,15174
Batxillerat/FPII,Home,Nou Barris,8,2013,15367
Batxillerat/FPII,Home,Nou Barris,8,2014,15317
Batxillerat/FPII,Home,Nou Barris,8,2015,15318
Batxillerat/FPII,Home,Nou Barris,8,2016,15270
Batxillerat/FPII,Home,Nou Barris,8,2017,15590
Batxillerat/FPII,Home,Nou Barris,8,2018,15867
Batxillerat/FPII,Home,Nou Barris,8,2019,16447
Batxillerat/FPII,Home,Nou Barris,8,2020,17081
Batxillerat/FPII,Home,Sant Andreu,9,2009,16299
Batxillerat/FPII,Home,Sant Andreu,9,2010,16022
Batxillerat/FPII,Home,Sant Andreu,9,2011,16300
Batxillerat/FPII,Home,Sant Andreu,9,2012,17083
Batxillerat/FPII,Home,Sant Andreu,9,2013,17312
Batxillerat/FPII,Home,Sant Andreu,9,2014,17261
Batxillerat/FPII,Home,Sant Andreu,9,2015,17125
Batxillerat/FPII,Home,Sant Andreu,9,2016,17148
Batxillerat/FPII,Home,Sant Andreu,9,2017,17243
Batxillerat/FPII,Home,Sant Andreu,9,2018,17260
Batxillerat/FPII,Home,Sant Andreu,9,2019,17516
Batxillerat/FPII,Home,Sant Andreu,9,2020,17851
Batxillerat/FPII,Home,Sant Martí,10,2009,23865
Batxillerat/FPII,Home,Sant Martí,10,2010,23673
Batxillerat/FPII,Home,Sant Martí,10,2011,24047
Batxillerat/FPII,Home,Sant Martí,10,2012,25376
Batxillerat/FPII,Home,Sant Martí,10,2013,25829
Batxillerat/FPII,Home,Sant Martí,10,2014,25855
Batxillerat/FPII,Home,Sant Martí,10,2015,25622
Batxillerat/FPII,Home,Sant Martí,10,2016,26128
Batxillerat/FPII,Home,Sant Martí,10,2017,26289
Batxillerat/FPII,Home,Sant Martí,10,2018,26148
Batxillerat/FPII,Home,Sant Martí,10,2019,26442
Batxillerat/FPII,Home,Sant Martí,10,2020,26760
Batxillerat/FPII,Home,Sants-Montjuïc,3,2009,18564
Batxillerat/FPII,Home,Sants-Montjuïc,3,2010,18372
Batxillerat/FPII,Home,Sants-Montjuïc,3,2011,18562
Batxillerat/FPII,Home,Sants-Montjuïc,3,2012,19603
Batxillerat/FPII,Home,Sants-Montjuïc,3,2013,20026
Batxillerat/FPII,Home,Sants-Montjuïc,3,2014,19963
Batxillerat/FPII,Home,Sants-Montjuïc,3,2015,19677
Batxillerat/FPII,Home,Sants-Montjuïc,3,2016,19723
Batxillerat/FPII,Home,Sants-Montjuïc,3,2017,19975
Batxillerat/FPII,Home,Sants-Montjuïc,3,2018,19849
Batxillerat/FPII,Home,Sants-Montjuïc,3,2019,20330
Batxillerat/FPII,Home,Sants-Montjuïc,3,2020,20703
Batxillerat/FPII,Home,Sarrià-Sant Gervasi,5,2009,14571
Batxillerat/FPII,Home,Sarrià-Sant Gervasi,5,2010,14113
Batxillerat/FPII,Home,Sarrià-Sant Gervasi,5,2011,14398
Batxillerat/FPII,Home,Sarrià-Sant Gervasi,5,2012,15604
Batxillerat/FPII,Home,Sarrià-Sant Gervasi,5,2013,15762
Batxillerat/FPII,Home,Sarrià-Sant Gervasi,5,2014,15647
Batxillerat/FPII,Home,Sarrià-Sant Gervasi,5,2015,15509
Batxillerat/FPII,Home,Sarrià-Sant Gervasi,5,2016,16100
Batxillerat/FPII,Home,Sarrià-Sant Gervasi,5,2017,16063
Batxillerat/FPII,Home,Sarrià-Sant Gervasi,5,2018,15701
Batxillerat/FPII,Home,Sarrià-Sant Gervasi,5,2019,15534
Batxillerat/FPII,Home,Sarrià-Sant Gervasi,5,2020,15383
Batxillerat/FPII,Homes,Ciutat Vella,1,2021,11240
Batxillerat/FPII,Homes,Ciutat Vella,1,2022,10906
Batxillerat/FPII,Homes,Eixample,2,2021,31398
Batxillerat/FPII,Homes,Eixample,2,2022,30670
Batxillerat/FPII,Homes,Gràcia,6,2021,13975
Batxillerat/FPII,Homes,Gràcia,6,2022,13814
Batxillerat/FPII,Homes,Horta-Guinardó,7,2021,20468
Batxillerat/FPII,Homes,Horta-Guinardó,7,2022,20570
Batxillerat/FPII,Homes,Les Corts,4,2021,9118
Batxillerat/FPII,Homes,Les Corts,4,2022,9146
Batxillerat/FPII,Homes,Nou Barris,8,2021,17530
Batxillerat/FPII,Homes,Nou Barris,8,2022,17572
Batxillerat/FPII,Homes,Sant Andreu,9,2021,18121
Batxillerat/FPII,Homes,Sant Andreu,9,2022,18158
Batxillerat/FPII,Homes,Sant Martí,10,2021,27115
Batxillerat/FPII,Homes,Sant Martí,10,2022,27149
Batxillerat/FPII,Homes,Sants-Montjuïc,3,2021,20972
Batxillerat/FPII,Homes,Sants-Montjuïc,3,2022,20973
Batxillerat/FPII,Homes,Sarrià-Sant Gervasi,5,2021,15472
Batxillerat/FPII,Homes,Sarrià-Sant Gervasi,5,2022,15191
ESO/FPI,Dona,Ciutat Vella,1,2009,7611
ESO/FPI,Dona,Ciutat Vella,1,2010,7367
ESO/FPI,Dona,Ciutat Vella,1,2011,7519
ESO/FPI,Dona,Ciutat Vella,1,2012,7618
ESO/FPI,Dona,Ciutat Vella,1,2013,8068
ESO/FPI,Dona,Ciutat Vella,1,2014,7988
ESO/FPI,Dona,Ciutat Vella,1,2015,7617
ESO/FPI,Dona,Ciutat Vella,1,2016,7809
ESO/FPI,Dona,Ciutat Vella,1,2017,8375
ESO/FPI,Dona,Ciutat Vella,1,2018,8489
ESO/FPI,Dona,Ciutat Vella,1,2019,8600
ESO/FPI,Dona,Ciutat Vella,1,2020,9020
ESO/FPI,Dona,Eixample,2,2009,21476
ESO/FPI,Dona,Eixample,2,2010,21314
ESO/FPI,Dona,Eixample,2,2011,22850
ESO/FPI,Dona,Eixample,2,2012,22017
ESO/FPI,Dona,Eixample,2,2013,21898
ESO/FPI,Dona,Eixample,2,2014,22055
ESO/FPI,Dona,Eixample,2,2015,21133
ESO/FPI,Dona,Eixample,2,2016,21488
ESO/FPI,Dona,Eixample,2,2017,21722
ESO/FPI,Dona,Eixample,2,2018,21747
ESO/FPI,Dona,Eixample,2,2019,21244
ESO/FPI,Dona,Eixample,2,2020,21791
ESO/FPI,Dona,Gràcia,6,2009,9754
ESO/FPI,Dona,Gràcia,6,2010,9682
ESO/FPI,Dona,Gràcia,6,2011,10239
ESO/FPI,Dona,Gràcia,6,2012,9877
ESO/FPI,Dona,Gràcia,6,2013,9847
ESO/FPI,Dona,Gràcia,6,2014,9881
ESO/FPI,Dona,Gràcia,6,2015,9431
ESO/FPI,Dona,Gràcia,6,2016,9620
ESO/FPI,Dona,Gràcia,6,2017,9634
ESO/FPI,Dona,Gràcia,6,2018,9656
ESO/FPI,Dona,Gràcia,6,2019,9413
ESO/FPI,Dona,Gràcia,6,2020,9759
ESO/FPI,Dona,Horta-Guinardó,7,2009,15816
ESO/FPI,Dona,Horta-Guinardó,7,2010,15895
ESO/FPI,Dona,Horta-Guinardó,7,2011,17104
ESO/FPI,Dona,Horta-Guinardó,7,2012,16776
ESO/FPI,Dona,Horta-Guinardó,7,2013,17670
ESO/FPI,Dona,Horta-Guinardó,7,2014,17906
ESO/FPI,Dona,Horta-Guinardó,7,2015,17450
ESO/FPI,Dona,Horta-Guinardó,7,2016,17904
ESO/FPI,Dona,Horta-Guinardó,7,2017,18420
ESO/FPI,Dona,Horta-Guinardó,7,2018,18737
ESO/FPI,Dona,Horta-Guinardó,7,2019,18607
ESO/FPI,Dona,Horta-Guinardó,7,2020,19267
ESO/FPI,Dona,Les Corts,4,2009,6465
ESO/FPI,Dona,Les Corts,4,2010,6426
ESO/FPI,Dona,Les Corts,4,2011,6949
ESO/FPI,Dona,Les Corts,4,2012,6564
ESO/FPI,Dona,Les Corts,4,2013,6499
ESO/FPI,Dona,Les Corts,4,2014,6610
ESO/FPI,Dona,Les Corts,4,2015,6285
ESO/FPI,Dona,Les Corts,4,2016,6377
ESO/FPI,Dona,Les Corts,4,2017,6369
ESO/FPI,Dona,Les Corts,4,2018,6373
ESO/FPI,Dona,Les Corts,4,2019,6300
ESO/FPI,Dona,Les Corts,4,2020,6447
ESO/FPI,Dona,Nou Barris,8,2009,16150
ESO/FPI,Dona,Nou Barris,8,2010,16252
ESO/FPI,Dona,Nou Barris,8,2011,17499
ESO/FPI,Dona,Nou Barris,8,2012,17533
ESO/FPI,Dona,Nou Barris,8,2013,19340
ESO/FPI,Dona,Nou Barris,8,2014,19872
ESO/FPI,Dona,Nou Barris,8,2015,19591
ESO/FPI,Dona,Nou Barris,8,2016,20112
ESO/FPI,Dona,Nou Barris,8,2017,20947
ESO/FPI,Dona,Nou Barris,8,2018,21595
ESO/FPI,Dona,Nou Barris,8,2019,21928
ESO/FPI,Dona,Nou Barris,8,2020,22796
ESO/FPI,Dona,Sant Andreu,9,2009,13766
ESO/FPI,Dona,Sant Andreu,9,2010,13929
ESO/FPI,Dona,Sant Andreu,9,2011,15016
ESO/FPI,Dona,Sant Andreu,9,2012,14819
ESO/FPI,Dona,Sant Andreu,9,2013,15875
ESO/FPI,Dona,Sant Andreu,9,2014,16259
ESO/FPI,Dona,Sant Andreu,9,2015,15910
ESO/FPI,Dona,Sant Andreu,9,2016,16171
ESO/FPI,Dona,Sant Andreu,9,2017,16641
ESO/FPI,Dona,Sant Andreu,9,2018,16926
ESO/FPI,Dona,Sant Andreu,9,2019,16837
ESO/FPI,Dona,Sant Andreu,9,2020,17430
ESO/FPI,Dona,Sant Martí,10,2009,20582
ESO/FPI,Dona,Sant Martí,10,2010,20817
ESO/FPI,Dona,Sant Martí,10,2011,22395
ESO/FPI,Dona,Sant Martí,10,2012,22270
ESO/FPI,Dona,Sant Martí,10,2013,23473
ESO/FPI,Dona,Sant Martí,10,2014,23865
ESO/FPI,Dona,Sant Martí,10,2015,23271
ESO/FPI,Dona,Sant Martí,10,2016,23810
ESO/FPI,Dona,Sant Martí,10,2017,24423
ESO/FPI,Dona,Sant Martí,10,2018,24834
ESO/FPI,Dona,Sant Martí,10,2019,24632
ESO/FPI,Dona,Sant Martí,10,2020,24988
ESO/FPI,Dona,Sants-Montjuïc,3,2009,16045
ESO/FPI,Dona,Sants-Montjuïc,3,2010,16254
ESO/FPI,Dona,Sants-Montjuïc,3,2011,17303
ESO/FPI,Dona,Sants-Montjuïc,3,2012,17287
ESO/FPI,Dona,Sants-Montjuïc,3,2013,18170
ESO/FPI,Dona,Sants-Montjuïc,3,2014,18333
ESO/FPI,Dona,Sants-Montjuïc,3,2015,17919
ESO/FPI,Dona,Sants-Montjuïc,3,2016,18280
ESO/FPI,Dona,Sants-Montjuïc,3,2017,18637
ESO/FPI,Dona,Sants-Montjuïc,3,2018,18834
ESO/FPI,Dona,Sants-Montjuïc,3,2019,18932
ESO/FPI,Dona,Sants-Montjuïc,3,2020,19524
ESO/FPI,Dona,Sarrià-Sant Gervasi,5,2009,9092
ESO/FPI,Dona,Sarrià-Sant Gervasi,5,2010,8962
ESO/FPI,Dona,Sarrià-Sant Gervasi,5,2011,10004
ESO/FPI,Dona,Sarrià-Sant Gervasi,5,2012,9361
ESO/FPI,Dona,Sarrià-Sant Gervasi,5,2013,8999
ESO/FPI,Dona,Sarrià-Sant Gervasi,5,2014,9266
ESO/FPI,Dona,Sarrià-Sant Gervasi,5,2015,8641
ESO/FPI,Dona,Sarrià-Sant Gervasi,5,2016,8663
ESO/FPI,Dona,Sarrià-Sant Gervasi,5,2017,8709
ESO/FPI,Dona,Sarrià-Sant Gervasi,5,2018,8768
ESO/FPI,Dona,Sarrià-Sant Gervasi,5,2019,8521
ESO/FPI,Dona,Sarrià-Sant Gervasi,5,2020,8849
ESO/FPI,Dones,Ciutat Vella,1,2021,9276
ESO/FPI,Dones,Ciutat Vella,1,2022,9178
ESO/FPI,Dones,Eixample,2,2021,21285
ESO/FPI,Dones,Eixample,2,2022,21069
ESO/FPI,Dones,Gràcia,6,2021,9588
ESO/FPI,Dones,Gràcia,6,2022,9460
ESO/FPI,Dones,Horta-Guinardó,7,2021,19029
ESO/FPI,Dones,Horta-Guinardó,7,2022,18863
ESO/FPI,Dones,Les Corts,4,2021,6320
ESO/FPI,Dones,Les Corts,4,2022,6213
ESO/FPI,Dones,Nou Barris,8,2021,22791
ESO/FPI,Dones,Nou Barris,8,2022,22642
ESO/FPI,Dones,Sant Andreu,9,2021,17295
ESO/FPI,Dones,Sant Andreu,9,2022,17099
ESO/FPI,Dones,Sant Martí,10,2021,25164
ESO/FPI,Dones,Sant Martí,10,2022,24905
ESO/FPI,Dones,Sants-Montjuïc,3,2021,19458
ESO/FPI,Dones,Sants-Montjuïc,3,2022,19148
ESO/FPI,Dones,Sarrià-Sant Gervasi,5,2021,8668
ESO/FPI,Dones,Sarrià-Sant Gervasi,5,2022,8430
ESO/FPI,Home,Ciutat Vella,1,2009,9670
ESO/FPI,Home,Ciutat Vella,1,2010,9222
ESO/FPI,Home,Ciutat Vella,1,2011,9386
ESO/FPI,Home,Ciutat Vella,1,2012,9670
ESO/FPI,Home,Ciutat Vella,1,2013,10316
ESO/FPI,Home,Ciutat Vella,1,2014,10149
ESO/FPI,Home,Ciutat Vella,1,2015,9822
ESO/FPI,Home,Ciutat Vella,1,2016,9966
ESO/FPI,Home,Ciutat Vella,1,2017,10814
ESO/FPI,Home,Ciutat Vella,1,2018,11055
ESO/FPI,Home,Ciutat Vella,1,2019,11744
ESO/FPI,Home,Ciutat Vella,1,2020,13071
ESO/FPI,Home,Eixample,2,2009,17243
ESO/FPI,Home,Eixample,2,2010,17185
ESO/FPI,Home,Eixample,2,2011,18665
ESO/FPI,Home,Eixample,2,2012,18099
ESO/FPI,Home,Eixample,2,2013,18486
ESO/FPI,Home,Eixample,2,2014,18868
ESO/FPI,Home,Eixample,2,2015,17929
ESO/FPI,Home,Eixample,2,2016,17904
ESO/FPI,Home,Eixample,2,2017,18217
ESO/FPI,Home,Eixample,2,2018,18330
ESO/FPI,Home,Eixample,2,2019,18025
ESO/FPI,Home,Eixample,2,2020,18695
ESO/FPI,Home,Gràcia,6,2009,8285
ESO/FPI,Home,Gràcia,6,2010,8239
ESO/FPI,Home,Gràcia,6,2011,8759
ESO/FPI,Home,Gràcia,6,2012,8454
ESO/FPI,Home,Gràcia,6,2013,8663
ESO/FPI,Home,Gràcia,6,2014,8655
ESO/FPI,Home,Gràcia,6,2015,8339
ESO/FPI,Home,Gràcia,6,2016,8416
ESO/FPI,Home,Gràcia,6,2017,8463
ESO/FPI,Home,Gràcia,6,2018,8470
ESO/FPI,Home,Gràcia,6,2019,8415
ESO/FPI,Home,Gràcia,6,2020,8701
ESO/FPI,Home,Horta-Guinardó,7,2009,15358
ESO/FPI,Home,Horta-Guinardó,7,2010,15357
ESO/FPI,Home,Horta-Guinardó,7,2011,16477
ESO/FPI,Home,Horta-Guinardó,7,2012,16369
ESO/FPI,Home,Horta-Guinardó,7,2013,17837
ESO/FPI,Home,Horta-Guinardó,7,2014,18026
ESO/FPI,Home,Horta-Guinardó,7,2015,17573
ESO/FPI,Home,Horta-Guinardó,7,2016,17731
ESO/FPI,Home,Horta-Guinardó,7,2017,18148
ESO/FPI,Home,Horta-Guinardó,7,2018,18529
ESO/FPI,Home,Horta-Guinardó,7,2019,18447
ESO/FPI,Home,Horta-Guinardó,7,2020,19228
ESO/FPI,Home,Les Corts,4,2009,4806
ESO/FPI,Home,Les Corts,4,2010,4761
ESO/FPI,Home,Les Corts,4,2011,5282
ESO/FPI,Home,Les Corts,4,2012,4987
ESO/FPI,Home,Les Corts,4,2013,5098
ESO/FPI,Home,Les Corts,4,2014,5191
ESO/FPI,Home,Les Corts,4,2015,4902
ESO/FPI,Home,Les Corts,4,2016,4954
ESO/FPI,Home,Les Corts,4,2017,4955
ESO/FPI,Home,Les Corts,4,2018,4922
ESO/FPI,Home,Les Corts,4,2019,4855
ESO/FPI,Home,Les Corts,4,2020,5030
ESO/FPI,Home,Nou Barris,8,2009,17056
ESO/FPI,Home,Nou Barris,8,2010,17200
ESO/FPI,Home,Nou Barris,8,2011,18136
ESO/FPI,Home,Nou Barris,8,2012,18168
ESO/FPI,Home,Nou Barris,8,2013,20500
ESO/FPI,Home,Nou Barris,8,2014,20834
ESO/FPI,Home,Nou Barris,8,2015,20593
ESO/FPI,Home,Nou Barris,8,2016,20654
ESO/FPI,Home,Nou Barris,8,2017,21348
ESO/FPI,Home,Nou Barris,8,2018,21671
ESO/FPI,Home,Nou Barris,8,2019,21993
ESO/FPI,Home,Nou Barris,8,2020,22972
ESO/FPI,Home,Sant Andreu,9,2009,13537
ESO/FPI,Home,Sant Andreu,9,2010,13686
ESO/FPI,Home,Sant Andreu,9,2011,14723
ESO/FPI,Home,Sant Andreu,9,2012,14686
ESO/FPI,Home,Sant Andreu,9,2013,15913
ESO/FPI,Home,Sant Andreu,9,2014,16233
ESO/FPI,Home,Sant Andreu,9,2015,15886
ESO/FPI,Home,Sant Andreu,9,2016,15912
ESO/FPI,Home,Sant Andreu,9,2017,16391
ESO/FPI,Home,Sant Andreu,9,2018,16676
ESO/FPI,Home,Sant Andreu,9,2019,16505
ESO/FPI,Home,Sant Andreu,9,2020,17086
ESO/FPI,Home,Sant Martí,10,2009,20503
ESO/FPI,Home,Sant Martí,10,2010,20581
ESO/FPI,Home,Sant Martí,10,2011,22160
ESO/FPI,Home,Sant Martí,10,2012,22506
ESO/FPI,Home,Sant Martí,10,2013,24341
ESO/FPI,Home,Sant Martí,10,2014,24754
ESO/FPI,Home,Sant Martí,10,2015,23903
ESO/FPI,Home,Sant Martí,10,2016,23914
ESO/FPI,Home,Sant Martí,10,2017,24507
ESO/FPI,Home,Sant Martí,10,2018,25012
ESO/FPI,Home,Sant Martí,10,2019,24977
ESO/FPI,Home,Sant Martí,10,2020,25664
ESO/FPI,Home,Sants-Montjuïc,3,2009,15788
ESO/FPI,Home,Sants-Montjuïc,3,2010,15986
ESO/FPI,Home,Sants-Montjuïc,3,2011,17155
ESO/FPI,Home,Sants-Montjuïc,3,2012,17421
ESO/FPI,Home,Sants-Montjuïc,3,2013,18624
ESO/FPI,Home,Sants-Montjuïc,3,2014,19045
ESO/FPI,Home,Sants-Montjuïc,3,2015,18580
ESO/FPI,Home,Sants-Montjuïc,3,2016,18666
ESO/FPI,Home,Sants-Montjuïc,3,2017,19061
ESO/FPI,Home,Sants-Montjuïc,3,2018,19244
ESO/FPI,Home,Sants-Montjuïc,3,2019,19538
ESO/FPI,Home,Sants-Montjuïc,3,2020,20296
ESO/FPI,Home,Sarrià-Sant Gervasi,5,2009,5471
ESO/FPI,Home,Sarrià-Sant Gervasi,5,2010,5453
ESO/FPI,Home,Sarrià-Sant Gervasi,5,2011,6649
ESO/FPI,Home,Sarrià-Sant Gervasi,5,2012,6140
ESO/FPI,Home,Sarrià-Sant Gervasi,5,2013,6103
ESO/FPI,Home,Sarrià-Sant Gervasi,5,2014,6403
ESO/FPI,Home,Sarrià-Sant Gervasi,5,2015,5869
ESO/FPI,Home,Sarrià-Sant Gervasi,5,2016,5878
ESO/FPI,Home,Sarrià-Sant Gervasi,5,2017,5983
ESO/FPI,Home,Sarrià-Sant Gervasi,5,2018,6138
ESO/FPI,Home,Sarrià-Sant Gervasi,5,2019,5884
ESO/FPI,Home,Sarrià-Sant Gervasi,5,2020,6440
ESO/FPI,Homes,Ciutat Vella,1,2021,13772
ESO/FPI,Homes,Ciutat Vella,1,2022,13290
ESO/FPI,Homes,Eixample,2,2021,18665
ESO/FPI,Homes,Eixample,2,2022,18502
ESO/FPI,Homes,Gràcia,6,2021,8608
ESO/FPI,Homes,Gràcia,6,2022,8524
ESO/FPI,Homes,Horta-Guinardó,7,2021,19169
ESO/FPI,Homes,Horta-Guinardó,7,2022,18912
ESO/FPI,Homes,Les Corts,4,2021,4931
ESO/FPI,Homes,Les Corts,4,2022,4882
ESO/FPI,Homes,Nou Barris,8,2021,23095
ESO/FPI,Homes,Nou Barris,8,2022,22984
ESO/FPI,Homes,Sant Andreu,9,2021,17058
ESO/FPI,Homes,Sant Andreu,9,2022,16946
ESO/FPI,Homes,Sant Martí,10,2021,25862
ESO/FPI,Homes,Sant Martí,10,2022,25859
ESO/FPI,Homes,Sants-Montjuïc,3,2021,20271
ESO/FPI,Homes,Sants-Montjuïc,3,2022,19895
ESO/FPI,Homes,Sarrià-Sant Gervasi,5,2021,6377
ESO/FPI,Homes,Sarrià-Sant Gervasi,5,2022,6325
No consta,Dona,Ciutat Vella,1,2009,40
No consta,Dona,Ciutat Vella,1,2010,33
No consta,Dona,Ciutat Vella,1,2011,21
No consta,Dona,Ciutat Vella,1,2012,18
No consta,Dona,Ciutat Vella,1,2013,15
No consta,Dona,Ciutat Vella,1,2014,14
No consta,Dona,Ciutat Vella,1,2015,14
No consta,Dona,Ciutat Vella,1,2016,523
No consta,Dona,Ciutat Vella,1,2017,499
No consta,Dona,Ciutat Vella,1,2018,487
No consta,Dona,Ciutat Vella,1,2019,582
No consta,Dona,Ciutat Vella,1,2020,521
No consta,Dona,Eixample,2,2009,128
No consta,Dona,Eixample,2,2010,101
No consta,Dona,Eixample,2,2011,66
No consta,Dona,Eixample,2,2012,54
No consta,Dona,Eixample,2,2013,37
No consta,Dona,Eixample,2,2014,35
No consta,Dona,Eixample,2,2015,34
No consta,Dona,Eixample,2,2016,1392
No consta,Dona,Eixample,2,2017,1420
No consta,Dona,Eixample,2,2018,1297
No consta,Dona,Eixample,2,2019,1796
No consta,Dona,Eixample,2,2020,1401
No consta,Dona,Gràcia,6,2009,66
No consta,Dona,Gràcia,6,2010,56
No consta,Dona,Gràcia,6,2011,35
No consta,Dona,Gràcia,6,2012,22
No consta,Dona,Gràcia,6,2013,18
No consta,Dona,Gràcia,6,2014,16
No consta,Dona,Gràcia,6,2015,15
No consta,Dona,Gràcia,6,2016,580
No consta,Dona,Gràcia,6,2017,614
No consta,Dona,Gràcia,6,2018,575
No consta,Dona,Gràcia,6,2019,858
No consta,Dona,Gràcia,6,2020,662
No consta,Dona,Horta-Guinardó,7,2009,100
No consta,Dona,Horta-Guinardó,7,2010,90
No consta,Dona,Horta-Guinardó,7,2011,57
No consta,Dona,Horta-Guinardó,7,2012,51
No consta,Dona,Horta-Guinardó,7,2013,40
No consta,Dona,Horta-Guinardó,7,2014,38
No consta,Dona,Horta-Guinardó,7,2015,35
No consta,Dona,Horta-Guinardó,7,2016,984
No consta,Dona,Horta-Guinardó,7,2017,925
No consta,Dona,Horta-Guinardó,7,2018,936
No consta,Dona,Horta-Guinardó,7,2019,1389
No consta,Dona,Horta-Guinardó,7,2020,940
No consta,Dona,Les Corts,4,2009,42
No consta,Dona,Les Corts,4,2010,35
No consta,Dona,Les Corts,4,2011,28
No consta,Dona,Les Corts,4,2012,22
No consta,Dona,Les Corts,4,2013,18
No consta,Dona,Les Corts,4,2014,17
No consta,Dona,Les Corts,4,2015,16
No consta,Dona,Les Corts,4,2016,476
No consta,Dona,Les Corts,4,2017,538
No consta,Dona,Les Corts,4,2018,497
No consta,Dona,Les Corts,4,2019,664
No consta,Dona,Les Corts,4,2020,552
No consta,Dona,Nou Barris,8,2009,78
No consta,Dona,Nou Barris,8,2010,64
No consta,Dona,Nou Barris,8,2011,44
No consta,Dona,Nou Barris,8,2012,38
No consta,Dona,Nou Barris,8,2013,31
No consta,Dona,Nou Barris,8,2014,27
No consta,Dona,Nou Barris,8,2015,26
No consta,Dona,Nou Barris,8,2016,1150
No consta,Dona,Nou Barris,8,2017,1107
No consta,Dona,Nou Barris,8,2018,1066
No consta,Dona,Nou Barris,8,2019,1419
No consta,Dona,Nou Barris,8,2020,1230
No consta,Dona,Sant Andreu,9,2009,75
No consta,Dona,Sant Andreu,9,2010,66
No consta,Dona,Sant Andreu,9,2011,32
No consta,Dona,Sant Andreu,9,2012,27
No consta,Dona,Sant Andreu,9,2013,21
No consta,Dona,Sant Andreu,9,2014,19
No consta,Dona,Sant Andreu,9,2015,17
No consta,Dona,Sant Andreu,9,2016,873
No consta,Dona,Sant Andreu,9,2017,869
No consta,Dona,Sant Andreu,9,2018,871
No consta,Dona,Sant Andreu,9,2019,1305
No consta,Dona,Sant Andreu,9,2020,989
No consta,Dona,Sant Martí,10,2009,111
No consta,Dona,Sant Martí,10,2010,93
No consta,Dona,Sant Martí,10,2011,51
No consta,Dona,Sant Martí,10,2012,39
No consta,Dona,Sant Martí,10,2013,30
No consta,Dona,Sant Martí,10,2014,29
No consta,Dona,Sant Martí,10,2015,28
No consta,Dona,Sant Martí,10,2016,1387
No consta,Dona,Sant Martí,10,2017,1453
No consta,Dona,Sant Martí,10,2018,1434
No consta,Dona,Sant Martí,10,2019,1922
No consta,Dona,Sant Martí,10,2020,1720
No consta,Dona,Sants-Montjuïc,3,2009,82
No consta,Dona,Sants-Montjuïc,3,2010,73
No consta,Dona,Sants-Montjuïc,3,2011,55
No consta,Dona,Sants-Montjuïc,3,2012,46
No consta,Dona,Sants-Montjuïc,3,2013,39
No consta,Dona,Sants-Montjuïc,3,2014,37
No consta,Dona,Sants-Montjuïc,3,2015,33
No consta,Dona,Sants-Montjuïc,3,2016,1038
No consta,Dona,Sants-Montjuïc,3,2017,1129
No consta,Dona,Sants-Montjuïc,3,2018,1021
No consta,Dona,Sants-Montjuïc,3,2019,1298
No consta,Dona,Sants-Montjuïc,3,2020,1074
No consta,Dona,Sarrià-Sant Gervasi,5,2009,84
No consta,Dona,Sarrià-Sant Gervasi,5,2010,72
No consta,Dona,Sarrià-Sant Gervasi,5,2011,47
No consta,Dona,Sarrià-Sant Gervasi,5,2012,41
No consta,Dona,Sarrià-Sant Gervasi,5,2013,31
No consta,Dona,Sarrià-Sant Gervasi,5,2014,23
No consta,Dona,Sarrià-Sant Gervasi,5,2015,18
No consta,Dona,Sarrià-Sant Gervasi,5,2016,1158
No consta,Dona,Sarrià-Sant Gervasi,5,2017,1281
No consta,Dona,Sarrià-Sant Gervasi,5,2018,1231
No consta,Dona,Sarrià-Sant Gervasi,5,2019,1699
No consta,Dona,Sarrià-Sant Gervasi,5,2020,1507
No consta,Dones,Ciutat Vella,1,2021,455
No consta,Dones,Ciutat Vella,1,2022,453
No consta,Dones,Eixample,2,2021,1256
No consta,Dones,Eixample,2,2022,1148
No consta,Dones,Gràcia,6,2021,643
No consta,Dones,Gràcia,6,2022,592
No consta,Dones,Horta-Guinardó,7,2021,971
No consta,Dones,Horta-Guinardó,7,2022,952
No consta,Dones,Les Corts,4,2021,505
No consta,Dones,Les Corts,4,2022,454
No consta,Dones,Nou Barris,8,2021,1119
No consta,Dones,Nou Barris,8,2022,1081
No consta,Dones,Sant Andreu,9,2021,890
No consta,Dones,Sant Andreu,9,2022,864
No consta,Dones,Sant Martí,10,2021,1477
No consta,Dones,Sant Martí,10,2022,1423
No consta,Dones,Sants-Montjuïc,3,2021,1059
No consta,Dones,Sants-Montjuïc,3,2022,1068
No consta,Dones,Sarrià-Sant Gervasi,5,2021,1170
No consta,Dones,Sarrià-Sant Gervasi,5,2022,1146
No consta,Home,Ciutat Vella,1,2009,37
No consta,Home,Ciutat Vella,1,2010,34
No consta,Home,Ciutat Vella,1,2011,24
No consta,Home,Ciutat Vella,1,2012,20
No consta,Home,Ciutat Vella,1,2013,13
No consta,Home,Ciutat Vella,1,2014,12
No consta,Home,Ciutat Vella,1,2015,9
No consta,Home,Ciutat Vella,1,2016,677
No consta,Home,Ciutat Vella,1,2017,634
No consta,Home,Ciutat Vella,1,2018,648
No consta,Home,Ciutat Vella,1,2019,767
No consta,Home,Ciutat Vella,1,2020,650
No consta,Home,Eixample,2,2009,115
No consta,Home,Eixample,2,2010,97
No consta,Home,Eixample,2,2011,63
No consta,Home,Eixample,2,2012,50
No consta,Home,Eixample,2,2013,35
No consta,Home,Eixample,2,2014,31
No consta,Home,Eixample,2,2015,27
No consta,Home,Eixample,2,2016,1533
No consta,Home,Eixample,2,2017,1682
No consta,Home,Eixample,2,2018,1538
No consta,Home,Eixample,2,2019,1990
No consta,Home,Eixample,2,2020,1701
No consta,Home,Gràcia,6,2009,61
No consta,Home,Gràcia,6,2010,47
No consta,Home,Gràcia,6,2011,29
No consta,Home,Gràcia,6,2012,16
No consta,Home,Gràcia,6,2013,13
No consta,Home,Gràcia,6,2014,11
No consta,Home,Gràcia,6,2015,10
No consta,Home,Gràcia,6,2016,693
No consta,Home,Gràcia,6,2017,713
No consta,Home,Gràcia,6,2018,725
No consta,Home,Gràcia,6,2019,928
No consta,Home,Gràcia,6,2020,778
No consta,Home,Horta-Guinardó,7,2009,88
No consta,Home,Horta-Guinardó,7,2010,85
No consta,Home,Horta-Guinardó,7,2011,52
No consta,Home,Horta-Guinardó,7,2012,47
No consta,Home,Horta-Guinardó,7,2013,29
No consta,Home,Horta-Guinardó,7,2014,24
No consta,Home,Horta-Guinardó,7,2015,23
No consta,Home,Horta-Guinardó,7,2016,1238
No consta,Home,Horta-Guinardó,7,2017,1250
No consta,Home,Horta-Guinardó,7,2018,1221
No consta,Home,Horta-Guinardó,7,2019,1663
No consta,Home,Horta-Guinardó,7,2020,1303
No consta,Home,Les Corts,4,2009,64
No consta,Home,Les Corts,4,2010,48
No consta,Home,Les Corts,4,2011,26
No consta,Home,Les Corts,4,2012,21
No consta,Home,Les Corts,4,2013,14
No consta,Home,Les Corts,4,2014,12
No consta,Home,Les Corts,4,2015,12
No consta,Home,Les Corts,4,2016,513
No consta,Home,Les Corts,4,2017,565
No consta,Home,Les Corts,4,2018,547
No consta,Home,Les Corts,4,2019,720
No consta,Home,Les Corts,4,2020,616
No consta,Home,Nou Barris,8,2009,69
No consta,Home,Nou Barris,8,2010,57
No consta,Home,Nou Barris,8,2011,38
No consta,Home,Nou Barris,8,2012,30
No consta,Home,Nou Barris,8,2013,15
No consta,Home,Nou Barris,8,2014,14
No consta,Home,Nou Barris,8,2015,12
No consta,Home,Nou Barris,8,2016,1306
No consta,Home,Nou Barris,8,2017,1333
No consta,Home,Nou Barris,8,2018,1327
No consta,Home,Nou Barris,8,2019,1744
No consta,Home,Nou Barris,8,2020,1501
No consta,Home,Sant Andreu,9,2009,51
No consta,Home,Sant Andreu,9,2010,43
No consta,Home,Sant Andreu,9,2011,26
No consta,Home,Sant Andreu,9,2012,19
No consta,Home,Sant Andreu,9,2013,13
No consta,Home,Sant Andreu,9,2014,11
No consta,Home,Sant Andreu,9,2015,11
No consta,Home,Sant Andreu,9,2016,1030
No consta,Home,Sant Andreu,9,2017,1081
No consta,Home,Sant Andreu,9,2018,1072
No consta,Home,Sant Andreu,9,2019,1507
No consta,Home,Sant Andreu,9,2020,1242
No consta,Home,Sant Martí,10,2009,122
No consta,Home,Sant Martí,10,2010,104
No consta,Home,Sant Martí,10,2011,80
No consta,Home,Sant Martí,10,2012,57
No consta,Home,Sant Martí,10,2013,39
No consta,Home,Sant Martí,10,2014,37
No consta,Home,Sant Martí,10,2015,31
No consta,Home,Sant Martí,10,2016,1625
No consta,Home,Sant Martí,10,2017,1856
No consta,Home,Sant Martí,10,2018,1841
No consta,Home,Sant Martí,10,2019,2283
No consta,Home,Sant Martí,10,2020,2022
No consta,Home,Sants-Montjuïc,3,2009,82
No consta,Home,Sants-Montjuïc,3,2010,70
No consta,Home,Sants-Montjuïc,3,2011,54
No consta,Home,Sants-Montjuïc,3,2012,44
No consta,Home,Sants-Montjuïc,3,2013,29
No consta,Home,Sants-Montjuïc,3,2014,27
No consta,Home,Sants-Montjuïc,3,2015,24
No consta,Home,Sants-Montjuïc,3,2016,1293
No consta,Home,Sants-Montjuïc,3,2017,1365
No consta,Home,Sants-Montjuïc,3,2018,1285
No consta,Home,Sants-Montjuïc,3,2019,1607
No consta,Home,Sants-Montjuïc,3,2020,1422
No consta,Home,Sarrià-Sant Gervasi,5,2009,100
No consta,Home,Sarrià-Sant Gervasi,5,2010,83
No consta,Home,Sarrià-Sant Gervasi,5,2011,42
No consta,Home,Sarrià-Sant Gervasi,5,2012,30
No consta,Home,Sarrià-Sant Gervasi,5,2013,20
No consta,Home,Sarrià-Sant Gervasi,5,2014,16
No consta,Home,Sarrià-Sant Gervasi,5,2015,15
No consta,Home,Sarrià-Sant Gervasi,5,2016,1275
No consta,Home,Sarrià-Sant Gervasi,5,2017,1402
No consta,Home,Sarrià-Sant Gervasi,5,2018,1399
No consta,Home,Sarrià-Sant Gervasi,5,2019,1798
No consta,Home,Sarrià-Sant Gervasi,5,2020,1608
No consta,Homes,Ciutat Vella,1,2021,581
No consta,Homes,Ciutat Vella,1,2022,556
No consta,Homes,Eixample,2,2021,1453
No consta,Homes,Eixample,2,2022,1308
No consta,Homes,Gràcia,6,2021,707
No consta,Homes,Gràcia,6,2022,663
No consta,Homes,Horta-Guinardó,7,2021,1244
No consta,Homes,Horta-Guinardó,7,2022,1130
No consta,Homes,Les Corts,4,2021,509
No consta,Homes,Les Corts,4,2022,478
No consta,Homes,Nou Barris,8,2021,1360
No consta,Homes,Nou Barris,8,2022,1289
No consta,Homes,Sant Andreu,9,2021,1101
No consta,Homes,Sant Andreu,9,2022,1005
No consta,Homes,Sant Martí,10,2021,1709
No consta,Homes,Sant Martí,10,2022,1596
No consta,Homes,Sants-Montjuïc,3,2021,1251
No consta,Homes,Sants-Montjuïc,3,2022,1085
No consta,Homes,Sarrià-Sant Gervasi,5,2021,1296
No consta,Homes,Sarrià-Sant Gervasi,5,2022,1252
Primaria,Dona,Ciutat Vella,1,2009,12644
Primaria,Dona,Ciutat Vella,1,2010,11979
Primaria,Dona,Ciutat Vella,1,2011,11366
Primaria,Dona,Ciutat Vella,1,2012,11081
Primaria,Dona,Ciutat Vella,1,2013,10143
Primaria,Dona,Ciutat Vella,1,2014,9687
Primaria,Dona,Ciutat Vella,1,2015,10908
Primaria,Dona,Ciutat Vella,1,2016,10205
Primaria,Dona,Ciutat Vella,1,2017,9705
Primaria,Dona,Ciutat Vella,1,2018,9217
Primaria,Dona,Ciutat Vella,1,2019,8949
Primaria,Dona,Ciutat Vella,1,2020,8594
Primaria,Dona,Eixample,2,2009,25283
Primaria,Dona,Eixample,2,2010,24280
Primaria,Dona,Eixample,2,2011,22753
Primaria,Dona,Eixample,2,2012,21572
Primaria,Dona,Eixample,2,2013,19788
Primaria,Dona,Eixample,2,2014,19061
Primaria,Dona,Eixample,2,2015,20174
Primaria,Dona,Eixample,2,2016,18810
Primaria,Dona,Eixample,2,2017,17899
Primaria,Dona,Eixample,2,2018,17007
Primaria,Dona,Eixample,2,2019,16195
Primaria,Dona,Eixample,2,2020,15398
Primaria,Dona,Gràcia,6,2009,11373
Primaria,Dona,Gràcia,6,2010,10756
Primaria,Dona,Gràcia,6,2011,10035
Primaria,Dona,Gràcia,6,2012,9497
Primaria,Dona,Gràcia,6,2013,8672
Primaria,Dona,Gràcia,6,2014,8400
Primaria,Dona,Gràcia,6,2015,9055
Primaria,Dona,Gràcia,6,2016,8504
Primaria,Dona,Gràcia,6,2017,8091
Primaria,Dona,Gràcia,6,2018,7691
Primaria,Dona,Gràcia,6,2019,7332
Primaria,Dona,Gràcia,6,2020,7022
Primaria,Dona,Horta-Guinardó,7,2009,20056
Primaria,Dona,Horta-Guinardó,7,2010,19578
Primaria,Dona,Horta-Guinardó,7,2011,18756
Primaria,Dona,Horta-Guinardó,7,2012,18004
Primaria,Dona,Horta-Guinardó,7,2013,16343
Primaria,Dona,Horta-Guinardó,7,2014,15897
Primaria,Dona,Horta-Guinardó,7,2015,18557
Primaria,Dona,Horta-Guinardó,7,2016,17594
Primaria,Dona,Horta-Guinardó,7,2017,16917
Primaria,Dona,Horta-Guinardó,7,2018,16391
Primaria,Dona,Horta-Guinardó,7,2019,15928
Primaria,Dona,Horta-Guinardó,7,2020,15570
Primaria,Dona,Les Corts,4,2009,6900
Primaria,Dona,Les Corts,4,2010,6668
Primaria,Dona,Les Corts,4,2011,6213
Primaria,Dona,Les Corts,4,2012,5922
Primaria,Dona,Les Corts,4,2013,5449
Primaria,Dona,Les Corts,4,2014,5275
Primaria,Dona,Les Corts,4,2015,5735
Primaria,Dona,Les Corts,4,2016,5302
Primaria,Dona,Les Corts,4,2017,5082
Primaria,Dona,Les Corts,4,2018,4868
Primaria,Dona,Les Corts,4,2019,4690
Primaria,Dona,Les Corts,4,2020,4519
Primaria,Dona,Nou Barris,8,2009,23944
Primaria,Dona,Nou Barris,8,2010,23557
Primaria,Dona,Nou Barris,8,2011,22793
Primaria,Dona,Nou Barris,8,2012,22336
Primaria,Dona,Nou Barris,8,2013,20090
Primaria,Dona,Nou Barris,8,2014,19826
Primaria,Dona,Nou Barris,8,2015,23846
Primaria,Dona,Nou Barris,8,2016,22704
Primaria,Dona,Nou Barris,8,2017,22240
Primaria,Dona,Nou Barris,8,2018,21765
Primaria,Dona,Nou Barris,8,2019,21445
Primaria,Dona,Nou Barris,8,2020,21068
Primaria,Dona,Sant Andreu,9,2009,18080
Primaria,Dona,Sant Andreu,9,2010,17693
Primaria,Dona,Sant Andreu,9,2011,17072
Primaria,Dona,Sant Andreu,9,2012,16634
Primaria,Dona,Sant Andreu,9,2013,15090
Primaria,Dona,Sant Andreu,9,2014,14852
Primaria,Dona,Sant Andreu,9,2015,16834
Primaria,Dona,Sant Andreu,9,2016,15887
Primaria,Dona,Sant Andreu,9,2017,15337
Primaria,Dona,Sant Andreu,9,2018,14879
Primaria,Dona,Sant Andreu,9,2019,14498
Primaria,Dona,Sant Andreu,9,2020,14038
Primaria,Dona,Sant Martí,10,2009,26721
Primaria,Dona,Sant Martí,10,2010,25988
Primaria,Dona,Sant Martí,10,2011,24965
Primaria,Dona,Sant Martí,10,2012,24235
Primaria,Dona,Sant Martí,10,2013,22300
Primaria,Dona,Sant Martí,10,2014,21901
Primaria,Dona,Sant Martí,10,2015,25107
Primaria,Dona,Sant Martí,10,2016,23668
Primaria,Dona,Sant Martí,10,2017,22803
Primaria,Dona,Sant Martí,10,2018,22088
Primaria,Dona,Sant Martí,10,2019,21535
Primaria,Dona,Sant Martí,10,2020,20928
Primaria,Dona,Sants-Montjuïc,3,2009,24830
Primaria,Dona,Sants-Montjuïc,3,2010,24019
Primaria,Dona,Sants-Montjuïc,3,2011,22915
Primaria,Dona,Sants-Montjuïc,3,2012,22137
Primaria,Dona,Sants-Montjuïc,3,2013,20109
Primaria,Dona,Sants-Montjuïc,3,2014,19633
Primaria,Dona,Sants-Montjuïc,3,2015,21890
Primaria,Dona,Sants-Montjuïc,3,2016,20694
Primaria,Dona,Sants-Montjuïc,3,2017,19832
Primaria,Dona,Sants-Montjuïc,3,2018,19064
Primaria,Dona,Sants-Montjuïc,3,2019,18473
Primaria,Dona,Sants-Montjuïc,3,2020,17832
Primaria,Dona,Sarrià-Sant Gervasi,5,2009,8209
Primaria,Dona,Sarrià-Sant Gervasi,5,2010,7747
Primaria,Dona,Sarrià-Sant Gervasi,5,2011,6979
Primaria,Dona,Sarrià-Sant Gervasi,5,2012,6479
Primaria,Dona,Sarrià-Sant Gervasi,5,2013,5826
Primaria,Dona,Sarrià-Sant Gervasi,5,2014,5460
Primaria,Dona,Sarrià-Sant Gervasi,5,2015,6100
Primaria,Dona,Sarrià-Sant Gervasi,5,2016,5404
Primaria,Dona,Sarrià-Sant Gervasi,5,2017,5131
Primaria,Dona,Sarrià-Sant Gervasi,5,2018,4863
Primaria,Dona,Sarrià-Sant Gervasi,5,2019,4641
Primaria,Dona,Sarrià-Sant Gervasi,5,2020,4350
Primaria,Dones,Ciutat Vella,1,2021,8355
Primaria,Dones,Ciutat Vella,1,2022,7901
Primaria,Dones,Eixample,2,2021,14642
Primaria,Dones,Eixample,2,2022,13872
Primaria,Dones,Gràcia,6,2021,6763
Primaria,Dones,Gràcia,6,2022,6406
Primaria,Dones,Horta-Guinardó,7,2021,15003
Primaria,Dones,Horta-Guinardó,7,2022,14466
Primaria,Dones,Les Corts,4,2021,4363
Primaria,Dones,Les Corts,4,2022,4172
Primaria,Dones,Nou Barris,8,2021,20597
Primaria,Dones,Nou Barris,8,2022,19865
Primaria,Dones,Sant Andreu,9,2021,13658
Primaria,Dones,Sant Andreu,9,2022,13087
Primaria,Dones,Sant Martí,10,2021,20280
Primaria,Dones,Sant Martí,10,2022,19516
Primaria,Dones,Sants-Montjuïc,3,2021,17243
Primaria,Dones,Sants-Montjuïc,3,2022,16453
Primaria,Dones,Sarrià-Sant Gervasi,5,2021,4261
Primaria,Dones,Sarrià-Sant Gervasi,5,2022,4049
Primaria,Home,Ciutat Vella,1,2009,17899
Primaria,Home,Ciutat Vella,1,2010,16624
Primaria,Home,Ciutat Vella,1,2011,15747
Primaria,Home,Ciutat Vella,1,2012,15606
Primaria,Home,Ciutat Vella,1,2013,14251
Primaria,Home,Ciutat Vella,1,2014,13552
Primaria,Home,Ciutat Vella,1,2015,14605
Primaria,Home,Ciutat Vella,1,2016,13401
Primaria,Home,Ciutat Vella,1,2017,12315
Primaria,Home,Ciutat Vella,1,2018,11889
Primaria,Home,Ciutat Vella,1,2019,12093
Primaria,Home,Ciutat Vella,1,2020,12277
Primaria,Home,Eixample,2,2009,16531
Primaria,Home,Eixample,2,2010,15770
Primaria,Home,Eixample,2,2011,14602
Primaria,Home,Eixample,2,2012,13795
Primaria,Home,Eixample,2,2013,11801
Primaria,Home,Eixample,2,2014,11313
Primaria,Home,Eixample,2,2015,12654
Primaria,Home,Eixample,2,2016,11537
Primaria,Home,Eixample,2,2017,10866
Primaria,Home,Eixample,2,2018,10237
Primaria,Home,Eixample,2,2019,9957
Primaria,Home,Eixample,2,2020,9532
Primaria,Home,Gràcia,6,2009,8082
Primaria,Home,Gràcia,6,2010,7759
Primaria,Home,Gràcia,6,2011,6935
Primaria,Home,Gràcia,6,2012,6509
Primaria,Home,Gràcia,6,2013,5409
Primaria,Home,Gràcia,6,2014,5178
Primaria,Home,Gràcia,6,2015,5884
Primaria,Home,Gràcia,6,2016,5386
Primaria,Home,Gràcia,6,2017,5086
Primaria,Home,Gràcia,6,2018,4864
Primaria,Home,Gràcia,6,2019,4658
Primaria,Home,Gràcia,6,2020,4426
Primaria,Home,Horta-Guinardó,7,2009,16704
Primaria,Home,Horta-Guinardó,7,2010,16204
Primaria,Home,Horta-Guinardó,7,2011,15345
Primaria,Home,Horta-Guinardó,7,2012,14551
Primaria,Home,Horta-Guinardó,7,2013,12373
Primaria,Home,Horta-Guinardó,7,2014,11988
Primaria,Home,Horta-Guinardó,7,2015,14173
Primaria,Home,Horta-Guinardó,7,2016,13206
Primaria,Home,Horta-Guinardó,7,2017,12645
Primaria,Home,Horta-Guinardó,7,2018,12113
Primaria,Home,Horta-Guinardó,7,2019,11689
Primaria,Home,Horta-Guinardó,7,2020,11277
Primaria,Home,Les Corts,4,2009,4895
Primaria,Home,Les Corts,4,2010,4794
Primaria,Home,Les Corts,4,2011,4236
Primaria,Home,Les Corts,4,2012,3795
Primaria,Home,Les Corts,4,2013,3161
Primaria,Home,Les Corts,4,2014,3023
Primaria,Home,Les Corts,4,2015,3464
Primaria,Home,Les Corts,4,2016,3113
Primaria,Home,Les Corts,4,2017,2926
Primaria,Home,Les Corts,4,2018,2766
Primaria,Home,Les Corts,4,2019,2652
Primaria,Home,Les Corts,4,2020,2567
Primaria,Home,Nou Barris,8,2009,22226
Primaria,Home,Nou Barris,8,2010,21694
Primaria,Home,Nou Barris,8,2011,20745
Primaria,Home,Nou Barris,8,2012,19938
Primaria,Home,Nou Barris,8,2013,16909
Primaria,Home,Nou Barris,8,2014,16473
Primaria,Home,Nou Barris,8,2015,19601
Primaria,Home,Nou Barris,8,2016,18445
Primaria,Home,Nou Barris,8,2017,17750
Primaria,Home,Nou Barris,8,2018,17211
Primaria,Home,Nou Barris,8,2019,16908
Primaria,Home,Nou Barris,8,2020,16593
Primaria,Home,Sant Andreu,9,2009,15507
Primaria,Home,Sant Andreu,9,2010,15036
Primaria,Home,Sant Andreu,9,2011,14314
Primaria,Home,Sant Andreu,9,2012,13759
Primaria,Home,Sant Andreu,9,2013,11773
Primaria,Home,Sant Andreu,9,2014,11512
Primaria,Home,Sant Andreu,9,2015,13144
Primaria,Home,Sant Andreu,9,2016,12230
Primaria,Home,Sant Andreu,9,2017,11609
Primaria,Home,Sant Andreu,9,2018,11088
Primaria,Home,Sant Andreu,9,2019,10842
Primaria,Home,Sant Andreu,9,2020,10551
Primaria,Home,Sant Martí,10,2009,24032
Primaria,Home,Sant Martí,10,2010,23312
Primaria,Home,Sant Martí,10,2011,22132
Primaria,Home,Sant Martí,10,2012,21341
Primaria,Home,Sant Martí,10,2013,18612
Primaria,Home,Sant Martí,10,2014,18096
Primaria,Home,Sant Martí,10,2015,20648
Primaria,Home,Sant Martí,10,2016,19195
Primaria,Home,Sant Martí,10,2017,18230
Primaria,Home,Sant Martí,10,2018,17559
Primaria,Home,Sant Martí,10,2019,17201
Primaria,Home,Sant Martí,10,2020,16826
Primaria,Home,Sants-Montjuïc,3,2009,22332
Primaria,Home,Sants-Montjuïc,3,2010,21497
Primaria,Home,Sants-Montjuïc,3,2011,20410
Primaria,Home,Sants-Montjuïc,3,2012,19725
Primaria,Home,Sants-Montjuïc,3,2013,17074
Primaria,Home,Sants-Montjuïc,3,2014,16418
Primaria,Home,Sants-Montjuïc,3,2015,18265
Primaria,Home,Sants-Montjuïc,3,2016,16904
Primaria,Home,Sants-Montjuïc,3,2017,15927
Primaria,Home,Sants-Montjuïc,3,2018,15079
Primaria,Home,Sants-Montjuïc,3,2019,14692
Primaria,Home,Sants-Montjuïc,3,2020,14340
Primaria,Home,Sarrià-Sant Gervasi,5,2009,4969
Primaria,Home,Sarrià-Sant Gervasi,5,2010,4826
Primaria,Home,Sarrià-Sant Gervasi,5,2011,3974
Primaria,Home,Sarrià-Sant Gervasi,5,2012,3454
Primaria,Home,Sarrià-Sant Gervasi,5,2013,2644
Primaria,Home,Sarrià-Sant Gervasi,5,2014,2526
Primaria,Home,Sarrià-Sant Gervasi,5,2015,3325
Primaria,Home,Sarrià-Sant Gervasi,5,2016,2712
Primaria,Home,Sarrià-Sant Gervasi,5,2017,2582
Primaria,Home,Sarrià-Sant Gervasi,5,2018,2418
Primaria,Home,Sarrià-Sant Gervasi,5,2019,2356
Primaria,Home,Sarrià-Sant Gervasi,5,2020,2295
Primaria,Homes,Ciutat Vella,1,2021,12287
Primaria,Homes,Ciutat Vella,1,2022,11326
Primaria,Homes,Eixample,2,2021,9275
Primaria,Homes,Eixample,2,2022,8803
Primaria,Homes,Gràcia,6,2021,4357
Primaria,Homes,Gràcia,6,2022,4102
Primaria,Homes,Horta-Guinardó,7,2021,10988
Primaria,Homes,Horta-Guinardó,7,2022,10596
Primaria,Homes,Les Corts,4,2021,2482
Primaria,Homes,Les Corts,4,2022,2399
Primaria,Homes,Nou Barris,8,2021,16301
Primaria,Homes,Nou Barris,8,2022,15636
Primaria,Homes,Sant Andreu,9,2021,10374
Primaria,Homes,Sant Andreu,9,2022,10004
Primaria,Homes,Sant Martí,10,2021,16518
Primaria,Homes,Sant Martí,10,2022,15769
Primaria,Homes,Sants-Montjuïc,3,2021,13985
Primaria,Homes,Sants-Montjuïc,3,2022,13389
Primaria,Homes,Sarrià-Sant Gervasi,5,2021,2352
Primaria,Homes,Sarrià-Sant Gervasi,5,2022,2332
Sense estudis,Dona,Ciutat Vella,1,2009,6067
Sense estudis,Dona,Ciutat Vella,1,2010,5721
Sense estudis,Dona,Ciutat Vella,1,2011,5027
Sense estudis,Dona,Ciutat Vella,1,2012,4524
Sense estudis,Dona,Ciutat Vella,1,2013,4231
Sense estudis,Dona,Ciutat Vella,1,2014,3812
Sense estudis,Dona,Ciutat Vella,1,2015,2171
Sense estudis,Dona,Ciutat Vella,1,2016,1790
Sense estudis,Dona,Ciutat Vella,1,2017,1575
Sense estudis,Dona,Ciutat Vella,1,2018,1395
Sense estudis,Dona,Ciutat Vella,1,2019,1229
Sense estudis,Dona,Ciutat Vella,1,2020,1082
Sense estudis,Dona,Eixample,2,2009,12690
Sense estudis,Dona,Eixample,2,2010,11994
Sense estudis,Dona,Eixample,2,2011,9003
Sense estudis,Dona,Eixample,2,2012,7615
Sense estudis,Dona,Eixample,2,2013,7084
Sense estudis,Dona,Eixample,2,2014,6340
Sense estudis,Dona,Eixample,2,2015,4777
Sense estudis,Dona,Eixample,2,2016,3438
Sense estudis,Dona,Eixample,2,2017,3062
Sense estudis,Dona,Eixample,2,2018,2729
Sense estudis,Dona,Eixample,2,2019,2424
Sense estudis,Dona,Eixample,2,2020,2153
Sense estudis,Dona,Gràcia,6,2009,5914
Sense estudis,Dona,Gràcia,6,2010,5603
Sense estudis,Dona,Gràcia,6,2011,4376
Sense estudis,Dona,Gràcia,6,2012,3743
Sense estudis,Dona,Gràcia,6,2013,3520
Sense estudis,Dona,Gràcia,6,2014,3143
Sense estudis,Dona,Gràcia,6,2015,2305
Sense estudis,Dona,Gràcia,6,2016,1755
Sense estudis,Dona,Gràcia,6,2017,1595
Sense estudis,Dona,Gràcia,6,2018,1434
Sense estudis,Dona,Gràcia,6,2019,1299
Sense estudis,Dona,Gràcia,6,2020,1203
Sense estudis,Dona,Horta-Guinardó,7,2009,13121
Sense estudis,Dona,Horta-Guinardó,7,2010,12541
Sense estudis,Dona,Horta-Guinardó,7,2011,10614
Sense estudis,Dona,Horta-Guinardó,7,2012,9649
Sense estudis,Dona,Horta-Guinardó,7,2013,9122
Sense estudis,Dona,Horta-Guinardó,7,2014,8421
Sense estudis,Dona,Horta-Guinardó,7,2015,5546
Sense estudis,Dona,Horta-Guinardó,7,2016,4477
Sense estudis,Dona,Horta-Guinardó,7,2017,4071
Sense estudis,Dona,Horta-Guinardó,7,2018,3754
Sense estudis,Dona,Horta-Guinardó,7,2019,3438
Sense estudis,Dona,Horta-Guinardó,7,2020,3191
Sense estudis,Dona,Les Corts,4,2009,4119
Sense estudis,Dona,Les Corts,4,2010,3916
Sense estudis,Dona,Les Corts,4,2011,2821
Sense estudis,Dona,Les Corts,4,2012,2331
Sense estudis,Dona,Les Corts,4,2013,2167
Sense estudis,Dona,Les Corts,4,2014,1962
Sense estudis,Dona,Les Corts,4,2015,1445
Sense estudis,Dona,Les Corts,4,2016,1000
Sense estudis,Dona,Les Corts,4,2017,896
Sense estudis,Dona,Les Corts,4,2018,820
Sense estudis,Dona,Les Corts,4,2019,737
Sense estudis,Dona,Les Corts,4,2020,676
Sense estudis,Dona,Nou Barris,8,2009,16378
Sense estudis,Dona,Nou Barris,8,2010,15734
Sense estudis,Dona,Nou Barris,8,2011,13774
Sense estudis,Dona,Nou Barris,8,2012,12773
Sense estudis,Dona,Nou Barris,8,2013,11955
Sense estudis,Dona,Nou Barris,8,2014,11376
Sense estudis,Dona,Nou Barris,8,2015,6927
Sense estudis,Dona,Nou Barris,8,2016,5730
Sense estudis,Dona,Nou Barris,8,2017,5282
Sense estudis,Dona,Nou Barris,8,2018,4821
Sense estudis,Dona,Nou Barris,8,2019,4400
Sense estudis,Dona,Nou Barris,8,2020,4034
Sense estudis,Dona,Sant Andreu,9,2009,10144
Sense estudis,Dona,Sant Andreu,9,2010,9596
Sense estudis,Dona,Sant Andreu,9,2011,7761
Sense estudis,Dona,Sant Andreu,9,2012,6909
Sense estudis,Dona,Sant Andreu,9,2013,6499
Sense estudis,Dona,Sant Andreu,9,2014,6059
Sense estudis,Dona,Sant Andreu,9,2015,3907
Sense estudis,Dona,Sant Andreu,9,2016,3019
Sense estudis,Dona,Sant Andreu,9,2017,2781
Sense estudis,Dona,Sant Andreu,9,2018,2528
Sense estudis,Dona,Sant Andreu,9,2019,2307
Sense estudis,Dona,Sant Andreu,9,2020,2075
Sense estudis,Dona,Sant Martí,10,2009,16538
Sense estudis,Dona,Sant Martí,10,2010,15724
Sense estudis,Dona,Sant Martí,10,2011,13055
Sense estudis,Dona,Sant Martí,10,2012,11647
Sense estudis,Dona,Sant Martí,10,2013,11046
Sense estudis,Dona,Sant Martí,10,2014,10130
Sense estudis,Dona,Sant Martí,10,2015,6655
Sense estudis,Dona,Sant Martí,10,2016,5154
Sense estudis,Dona,Sant Martí,10,2017,4697
Sense estudis,Dona,Sant Martí,10,2018,4291
Sense estudis,Dona,Sant Martí,10,2019,3922
Sense estudis,Dona,Sant Martí,10,2020,3546
Sense estudis,Dona,Sants-Montjuïc,3,2009,12230
Sense estudis,Dona,Sants-Montjuïc,3,2010,11603
Sense estudis,Dona,Sants-Montjuïc,3,2011,9775
Sense estudis,Dona,Sants-Montjuïc,3,2012,8635
Sense estudis,Dona,Sants-Montjuïc,3,2013,8084
Sense estudis,Dona,Sants-Montjuïc,3,2014,7520
Sense estudis,Dona,Sants-Montjuïc,3,2015,4838
Sense estudis,Dona,Sants-Montjuïc,3,2016,3885
Sense estudis,Dona,Sants-Montjuïc,3,2017,3539
Sense estudis,Dona,Sants-Montjuïc,3,2018,3257
Sense estudis,Dona,Sants-Montjuïc,3,2019,2944
Sense estudis,Dona,Sants-Montjuïc,3,2020,2683
Sense estudis,Dona,Sarrià-Sant Gervasi,5,2009,5367
Sense estudis,Dona,Sarrià-Sant Gervasi,5,2010,5202
Sense estudis,Dona,Sarrià-Sant Gervasi,5,2011,3394
Sense estudis,Dona,Sarrià-Sant Gervasi,5,2012,2570
Sense estudis,Dona,Sarrià-Sant Gervasi,5,2013,2513
Sense estudis,Dona,Sarrià-Sant Gervasi,5,2014,2154
Sense estudis,Dona,Sarrià-Sant Gervasi,5,2015,1748
Sense estudis,Dona,Sarrià-Sant Gervasi,5,2016,834
Sense estudis,Dona,Sarrià-Sant Gervasi,5,2017,750
Sense estudis,Dona,Sarrià-Sant Gervasi,5,2018,673
Sense estudis,Dona,Sarrià-Sant Gervasi,5,2019,585
Sense estudis,Dona,Sarrià-Sant Gervasi,5,2020,540
Sense estudis,Dones,Ciutat Vella,1,2021,918
Sense estudis,Dones,Ciutat Vella,1,2022,798
Sense estudis,Dones,Eixample,2,2021,1873
Sense estudis,Dones,Eixample,2,2022,1649
Sense estudis,Dones,Gràcia,6,2021,1046
Sense estudis,Dones,Gràcia,6,2022,928
Sense estudis,Dones,Horta-Guinardó,7,2021,2775
Sense estudis,Dones,Horta-Guinardó,7,2022,2506
Sense estudis,Dones,Les Corts,4,2021,597
Sense estudis,Dones,Les Corts,4,2022,525
Sense estudis,Dones,Nou Barris,8,2021,3543
Sense estudis,Dones,Nou Barris,8,2022,3176
Sense estudis,Dones,Sant Andreu,9,2021,1819
Sense estudis,Dones,Sant Andreu,9,2022,1611
Sense estudis,Dones,Sant Martí,10,2021,3146
Sense estudis,Dones,Sant Martí,10,2022,2774
Sense estudis,Dones,Sants-Montjuïc,3,2021,2345
Sense estudis,Dones,Sants-Montjuïc,3,2022,2080
Sense estudis,Dones,Sarrià-Sant Gervasi,5,2021,468
Sense estudis,Dones,Sarrià-Sant Gervasi,5,2022,422
Sense estudis,Home,Ciutat Vella,1,2009,4530
Sense estudis,Home,Ciutat Vella,1,2010,4248
Sense estudis,Home,Ciutat Vella,1,2011,3763
Sense estudis,Home,Ciutat Vella,1,2012,3446
Sense estudis,Home,Ciutat Vella,1,2013,3093
Sense estudis,Home,Ciutat Vella,1,2014,2781
Sense estudis,Home,Ciutat Vella,1,2015,1001
Sense estudis,Home,Ciutat Vella,1,2016,702
Sense estudis,Home,Ciutat Vella,1,2017,607
Sense estudis,Home,Ciutat Vella,1,2018,544
Sense estudis,Home,Ciutat Vella,1,2019,490
Sense estudis,Home,Ciutat Vella,1,2020,444
Sense estudis,Home,Eixample,2,2009,8353
Sense estudis,Home,Eixample,2,2010,8015
Sense estudis,Home,Eixample,2,2011,5562
Sense estudis,Home,Eixample,2,2012,4393
Sense estudis,Home,Eixample,2,2013,4030
Sense estudis,Home,Eixample,2,2014,3479
Sense estudis,Home,Eixample,2,2015,2226
Sense estudis,Home,Eixample,2,2016,1044
Sense estudis,Home,Eixample,2,2017,922
Sense estudis,Home,Eixample,2,2018,814
Sense estudis,Home,Eixample,2,2019,750
Sense estudis,Home,Eixample,2,2020,673
Sense estudis,Home,Gràcia,6,2009,4016
Sense estudis,Home,Gràcia,6,2010,3868
Sense estudis,Home,Gràcia,6,2011,2719
Sense estudis,Home,Gràcia,6,2012,2159
Sense estudis,Home,Gràcia,6,2013,2033
Sense estudis,Home,Gràcia,6,2014,1760
Sense estudis,Home,Gràcia,6,2015,1088
Sense estudis,Home,Gràcia,6,2016,573
Sense estudis,Home,Gràcia,6,2017,510
Sense estudis,Home,Gràcia,6,2018,458
Sense estudis,Home,Gràcia,6,2019,393
Sense estudis,Home,Gràcia,6,2020,353
Sense estudis,Home,Horta-Guinardó,7,2009,8980
Sense estudis,Home,Horta-Guinardó,7,2010,8651
Sense estudis,Home,Horta-Guinardó,7,2011,6920
Sense estudis,Home,Horta-Guinardó,7,2012,6006
Sense estudis,Home,Horta-Guinardó,7,2013,5565
Sense estudis,Home,Horta-Guinardó,7,2014,5088
Sense estudis,Home,Horta-Guinardó,7,2015,2891
Sense estudis,Home,Horta-Guinardó,7,2016,1992
Sense estudis,Home,Horta-Guinardó,7,2017,1796
Sense estudis,Home,Horta-Guinardó,7,2018,1602
Sense estudis,Home,Horta-Guinardó,7,2019,1454
Sense estudis,Home,Horta-Guinardó,7,2020,1318
Sense estudis,Home,Les Corts,4,2009,3074
Sense estudis,Home,Les Corts,4,2010,3012
Sense estudis,Home,Les Corts,4,2011,1985
Sense estudis,Home,Les Corts,4,2012,1517
Sense estudis,Home,Les Corts,4,2013,1314
Sense estudis,Home,Les Corts,4,2014,1143
Sense estudis,Home,Les Corts,4,2015,752
Sense estudis,Home,Les Corts,4,2016,356
Sense estudis,Home,Les Corts,4,2017,311
Sense estudis,Home,Les Corts,4,2018,281
Sense estudis,Home,Les Corts,4,2019,251
Sense estudis,Home,Les Corts,4,2020,216
Sense estudis,Home,Nou Barris,8,2009,11023
Sense estudis,Home,Nou Barris,8,2010,10632
Sense estudis,Home,Nou Barris,8,2011,9066
Sense estudis,Home,Nou Barris,8,2012,8151
Sense estudis,Home,Nou Barris,8,2013,7341
Sense estudis,Home,Nou Barris,8,2014,6934
Sense estudis,Home,Nou Barris,8,2015,3465
Sense estudis,Home,Nou Barris,8,2016,2581
Sense estudis,Home,Nou Barris,8,2017,2338
Sense estudis,Home,Nou Barris,8,2018,2132
Sense estudis,Home,Nou Barris,8,2019,1910
Sense estudis,Home,Nou Barris,8,2020,1704
Sense estudis,Home,Sant Andreu,9,2009,7070
Sense estudis,Home,Sant Andreu,9,2010,6771
Sense estudis,Home,Sant Andreu,9,2011,5138
Sense estudis,Home,Sant Andreu,9,2012,4415
Sense estudis,Home,Sant Andreu,9,2013,3990
Sense estudis,Home,Sant Andreu,9,2014,3652
Sense estudis,Home,Sant Andreu,9,2015,2008
Sense estudis,Home,Sant Andreu,9,2016,1228
Sense estudis,Home,Sant Andreu,9,2017,1122
Sense estudis,Home,Sant Andreu,9,2018,1017
Sense estudis,Home,Sant Andreu,9,2019,919
Sense estudis,Home,Sant Andreu,9,2020,818
Sense estudis,Home,Sant Martí,10,2009,11311
Sense estudis,Home,Sant Martí,10,2010,10826
Sense estudis,Home,Sant Martí,10,2011,8448
Sense estudis,Home,Sant Martí,10,2012,7171
Sense estudis,Home,Sant Martí,10,2013,6664
Sense estudis,Home,Sant Martí,10,2014,6031
Sense estudis,Home,Sant Martí,10,2015,3428
Sense estudis,Home,Sant Martí,10,2016,2155
Sense estudis,Home,Sant Martí,10,2017,1944
Sense estudis,Home,Sant Martí,10,2018,1760
Sense estudis,Home,Sant Martí,10,2019,1592
Sense estudis,Home,Sant Martí,10,2020,1438
Sense estudis,Home,Sants-Montjuïc,3,2009,8408
Sense estudis,Home,Sants-Montjuïc,3,2010,8085
Sense estudis,Home,Sants-Montjuïc,3,2011,6463
Sense estudis,Home,Sants-Montjuïc,3,2012,5451
Sense estudis,Home,Sants-Montjuïc,3,2013,4988
Sense estudis,Home,Sants-Montjuïc,3,2014,4600
Sense estudis,Home,Sants-Montjuïc,3,2015,2399
Sense estudis,Home,Sants-Montjuïc,3,2016,1577
Sense estudis,Home,Sants-Montjuïc,3,2017,1420
Sense estudis,Home,Sants-Montjuïc,3,2018,1262
Sense estudis,Home,Sants-Montjuïc,3,2019,1134
Sense estudis,Home,Sants-Montjuïc,3,2020,1033
Sense estudis,Home,Sarrià-Sant Gervasi,5,2009,4263
Sense estudis,Home,Sarrià-Sant Gervasi,5,2010,4201
Sense estudis,Home,Sarrià-Sant Gervasi,5,2011,2524
Sense estudis,Home,Sarrià-Sant Gervasi,5,2012,1793
Sense estudis,Home,Sarrià-Sant Gervasi,5,2013,1740
Sense estudis,Home,Sarrià-Sant Gervasi,5,2014,1441
Sense estudis,Home,Sarrià-Sant Gervasi,5,2015,1076
Sense estudis,Home,Sarrià-Sant Gervasi,5,2016,203
Sense estudis,Home,Sarrià-Sant Gervasi,5,2017,174
Sense estudis,Home,Sarrià-Sant Gervasi,5,2018,150
Sense estudis,Home,Sarrià-Sant Gervasi,5,2019,128
Sense estudis,Home,Sarrià-Sant Gervasi,5,2020,121
Sense estudis,Homes,Ciutat Vella,1,2021,388
Sense estudis,Homes,Ciutat Vella,1,2022,339
Sense estudis,Homes,Eixample,2,2021,544
Sense estudis,Homes,Eixample,2,2022,472
Sense estudis,Homes,Gràcia,6,2021,300
Sense estudis,Homes,Gràcia,6,2022,257
Sense estudis,Homes,Horta-Guinardó,7,2021,1108
Sense estudis,Homes,Horta-Guinardó,7,2022,961
Sense estudis,Homes,Les Corts,4,2021,188
Sense estudis,Homes,Les Corts,4,2022,168
Sense estudis,Homes,Nou Barris,8,2021,1462
Sense estudis,Homes,Nou Barris,8,2022,1275
Sense estudis,Homes,Sant Andreu,9,2021,685
Sense estudis,Homes,Sant Andreu,9,2022,599
Sense estudis,Homes,Sant Martí,10,2021,1224
Sense estudis,Homes,Sant Martí,10,2022,1055
Sense estudis,Homes,Sants-Montjuïc,3,2021,902
Sense estudis,Homes,Sants-Montjuïc,3,2022,749
Sense estudis,Homes,Sarrià-Sant Gervasi,5,2021,97
Sense estudis,Homes,Sarrià-Sant Gervasi,5,2022,87
Universitat/CFGM grau mitjà,Dona,Ciutat Vella,1,2009,10885
Universitat/CFGM grau mitjà,Dona,Ciutat Vella,1,2010,11402
Universitat/CFGM grau mitjà,Dona,Ciutat Vella,1,2011,11492
Universitat/CFGM grau mitjà,Dona,Ciutat Vella,1,2012,12284
Universitat/CFGM grau mitjà,Dona,Ciutat Vella,1,2013,12611
Universitat/CFGM grau mitjà,Dona,Ciutat Vella,1,2014,12901
Universitat/CFGM grau mitjà,Dona,Ciutat Vella,1,2015,13125
Universitat/CFGM grau mitjà,Dona,Ciutat Vella,1,2016,13460
Universitat/CFGM grau mitjà,Dona,Ciutat Vella,1,2017,14502
Universitat/CFGM grau mitjà,Dona,Ciutat Vella,1,2018,15021
Universitat/CFGM grau mitjà,Dona,Ciutat Vella,1,2019,15900
Universitat/CFGM grau mitjà,Dona,Ciutat Vella,1,2020,16162
Universitat/CFGM grau mitjà,Dona,Eixample,2,2009,39289
Universitat/CFGM grau mitjà,Dona,Eixample,2,2010,40922
Universitat/CFGM grau mitjà,Dona,Eixample,2,2011,42729
Universitat/CFGM grau mitjà,Dona,Eixample,2,2012,45005
Universitat/CFGM grau mitjà,Dona,Eixample,2,2013,46893
Universitat/CFGM grau mitjà,Dona,Eixample,2,2014,48461
Universitat/CFGM grau mitjà,Dona,Eixample,2,2015,49447
Universitat/CFGM grau mitjà,Dona,Eixample,2,2016,50389
Universitat/CFGM grau mitjà,Dona,Eixample,2,2017,52491
Universitat/CFGM grau mitjà,Dona,Eixample,2,2018,53957
Universitat/CFGM grau mitjà,Dona,Eixample,2,2019,56130
Universitat/CFGM grau mitjà,Dona,Eixample,2,2020,57765
Universitat/CFGM grau mitjà,Dona,Gràcia,6,2009,18673
Universitat/CFGM grau mitjà,Dona,Gràcia,6,2010,19641
Universitat/CFGM grau mitjà,Dona,Gràcia,6,2011,20436
Universitat/CFGM grau mitjà,Dona,Gràcia,6,2012,21465
Universitat/CFGM grau mitjà,Dona,Gràcia,6,2013,22305
Universitat/CFGM grau mitjà,Dona,Gràcia,6,2014,23065
Universitat/CFGM grau mitjà,Dona,Gràcia,6,2015,23707
Universitat/CFGM grau mitjà,Dona,Gràcia,6,2016,23682
Universitat/CFGM grau mitjà,Dona,Gràcia,6,2017,24417
Universitat/CFGM grau mitjà,Dona,Gràcia,6,2018,25088
Universitat/CFGM grau mitjà,Dona,Gràcia,6,2019,26061
Universitat/CFGM grau mitjà,Dona,Gràcia,6,2020,26766
Universitat/CFGM grau mitjà,Dona,Horta-Guinardó,7,2009,14015
Universitat/CFGM grau mitjà,Dona,Horta-Guinardó,7,2010,14780
Universitat/CFGM grau mitjà,Dona,Horta-Guinardó,7,2011,15502
Universitat/CFGM grau mitjà,Dona,Horta-Guinardó,7,2012,16086
Universitat/CFGM grau mitjà,Dona,Horta-Guinardó,7,2013,16876
Universitat/CFGM grau mitjà,Dona,Horta-Guinardó,7,2014,17490
Universitat/CFGM grau mitjà,Dona,Horta-Guinardó,7,2015,18224
Universitat/CFGM grau mitjà,Dona,Horta-Guinardó,7,2016,18805
Universitat/CFGM grau mitjà,Dona,Horta-Guinardó,7,2017,19869
Universitat/CFGM grau mitjà,Dona,Horta-Guinardó,7,2018,20893
Universitat/CFGM grau mitjà,Dona,Horta-Guinardó,7,2019,21910
Universitat/CFGM grau mitjà,Dona,Horta-Guinardó,7,2020,22925
Universitat/CFGM grau mitjà,Dona,Les Corts,4,2009,11533
Universitat/CFGM grau mitjà,Dona,Les Corts,4,2010,12128
Universitat/CFGM grau mitjà,Dona,Les Corts,4,2011,12791
Universitat/CFGM grau mitjà,Dona,Les Corts,4,2012,13377
Universitat/CFGM grau mitjà,Dona,Les Corts,4,2013,13839
Universitat/CFGM grau mitjà,Dona,Les Corts,4,2014,14303
Universitat/CFGM grau mitjà,Dona,Les Corts,4,2015,14795
Universitat/CFGM grau mitjà,Dona,Les Corts,4,2016,15057
Universitat/CFGM grau mitjà,Dona,Les Corts,4,2017,15513
Universitat/CFGM grau mitjà,Dona,Les Corts,4,2018,16016
Universitat/CFGM grau mitjà,Dona,Les Corts,4,2019,16529
Universitat/CFGM grau mitjà,Dona,Les Corts,4,2020,16784
Universitat/CFGM grau mitjà,Dona,Nou Barris,8,2009,7656
Universitat/CFGM grau mitjà,Dona,Nou Barris,8,2010,8148
Universitat/CFGM grau mitjà,Dona,Nou Barris,8,2011,8590
Universitat/CFGM grau mitjà,Dona,Nou Barris,8,2012,9047
Universitat/CFGM grau mitjà,Dona,Nou Barris,8,2013,9525
Universitat/CFGM grau mitjà,Dona,Nou Barris,8,2014,9890
Universitat/CFGM grau mitjà,Dona,Nou Barris,8,2015,10399
Universitat/CFGM grau mitjà,Dona,Nou Barris,8,2016,11223
Universitat/CFGM grau mitjà,Dona,Nou Barris,8,2017,11712
Universitat/CFGM grau mitjà,Dona,Nou Barris,8,2018,12324
Universitat/CFGM grau mitjà,Dona,Nou Barris,8,2019,13040
Universitat/CFGM grau mitjà,Dona,Nou Barris,8,2020,13761
Universitat/CFGM grau mitjà,Dona,Sant Andreu,9,2009,10706
Universitat/CFGM grau mitjà,Dona,Sant Andreu,9,2010,11551
Universitat/CFGM grau mitjà,Dona,Sant Andreu,9,2011,12421
Universitat/CFGM grau mitjà,Dona,Sant Andreu,9,2012,13089
Universitat/CFGM grau mitjà,Dona,Sant Andreu,9,2013,13689
Universitat/CFGM grau mitjà,Dona,Sant Andreu,9,2014,14195
Universitat/CFGM grau mitjà,Dona,Sant Andreu,9,2015,14830
Universitat/CFGM grau mitjà,Dona,Sant Andreu,9,2016,15324
Universitat/CFGM grau mitjà,Dona,Sant Andreu,9,2017,15878
Universitat/CFGM grau mitjà,Dona,Sant Andreu,9,2018,16617
Universitat/CFGM grau mitjà,Dona,Sant Andreu,9,2019,17468
Universitat/CFGM grau mitjà,Dona,Sant Andreu,9,2020,18231
Universitat/CFGM grau mitjà,Dona,Sant Martí,10,2009,19012
Universitat/CFGM grau mitjà,Dona,Sant Martí,10,2010,20591
Universitat/CFGM grau mitjà,Dona,Sant Martí,10,2011,21970
Universitat/CFGM grau mitjà,Dona,Sant Martí,10,2012,23347
Universitat/CFGM grau mitjà,Dona,Sant Martí,10,2013,24484
Universitat/CFGM grau mitjà,Dona,Sant Martí,10,2014,25529
Universitat/CFGM grau mitjà,Dona,Sant Martí,10,2015,26387
Universitat/CFGM grau mitjà,Dona,Sant Martí,10,2016,27323
Universitat/CFGM grau mitjà,Dona,Sant Martí,10,2017,28650
Universitat/CFGM grau mitjà,Dona,Sant Martí,10,2018,29951
Universitat/CFGM grau mitjà,Dona,Sant Martí,10,2019,31526
Universitat/CFGM grau mitjà,Dona,Sant Martí,10,2020,32699
Universitat/CFGM grau mitjà,Dona,Sants-Montjuïc,3,2009,14748
Universitat/CFGM grau mitjà,Dona,Sants-Montjuïc,3,2010,16044
Universitat/CFGM grau mitjà,Dona,Sants-Montjuïc,3,2011,16929
Universitat/CFGM grau mitjà,Dona,Sants-Montjuïc,3,2012,18169
Universitat/CFGM grau mitjà,Dona,Sants-Montjuïc,3,2013,19171
Universitat/CFGM grau mitjà,Dona,Sants-Montjuïc,3,2014,19821
Universitat/CFGM grau mitjà,Dona,Sants-Montjuïc,3,2015,20564
Universitat/CFGM grau mitjà,Dona,Sants-Montjuïc,3,2016,21436
Universitat/CFGM grau mitjà,Dona,Sants-Montjuïc,3,2017,22568
Universitat/CFGM grau mitjà,Dona,Sants-Montjuïc,3,2018,23610
Universitat/CFGM grau mitjà,Dona,Sants-Montjuïc,3,2019,24960
Universitat/CFGM grau mitjà,Dona,Sants-Montjuïc,3,2020,25973
Universitat/CFGM grau mitjà,Dona,Sarrià-Sant Gervasi,5,2009,25525
Universitat/CFGM grau mitjà,Dona,Sarrià-Sant Gervasi,5,2010,26574
Universitat/CFGM grau mitjà,Dona,Sarrià-Sant Gervasi,5,2011,27626
Universitat/CFGM grau mitjà,Dona,Sarrià-Sant Gervasi,5,2012,28824
Universitat/CFGM grau mitjà,Dona,Sarrià-Sant Gervasi,5,2013,29866
Universitat/CFGM grau mitjà,Dona,Sarrià-Sant Gervasi,5,2014,30797
Universitat/CFGM grau mitjà,Dona,Sarrià-Sant Gervasi,5,2015,31612
Universitat/CFGM grau mitjà,Dona,Sarrià-Sant Gervasi,5,2016,31556
Universitat/CFGM grau mitjà,Dona,Sarrià-Sant Gervasi,5,2017,32421
Universitat/CFGM grau mitjà,Dona,Sarrià-Sant Gervasi,5,2018,33248
Universitat/CFGM grau mitjà,Dona,Sarrià-Sant Gervasi,5,2019,34135
Universitat/CFGM grau mitjà,Dona,Sarrià-Sant Gervasi,5,2020,34943
Universitat/CFGM grau mitjà,Dones,Ciutat Vella,1,2021,16418
Universitat/CFGM grau mitjà,Dones,Ciutat Vella,1,2022,16037
Universitat/CFGM grau mitjà,Dones,Eixample,2,2021,58282
Universitat/CFGM grau mitjà,Dones,Eixample,2,2022,59231
Universitat/CFGM grau mitjà,Dones,Gràcia,6,2021,27134
Universitat/CFGM grau mitjà,Dones,Gràcia,6,2022,27424
Universitat/CFGM grau mitjà,Dones,Horta-Guinardó,7,2021,23380
Universitat/CFGM grau mitjà,Dones,Horta-Guinardó,7,2022,23736
Universitat/CFGM grau mitjà,Dones,Les Corts,4,2021,16848
Universitat/CFGM grau mitjà,Dones,Les Corts,4,2022,16966
Universitat/CFGM grau mitjà,Dones,Nou Barris,8,2021,13986
Universitat/CFGM grau mitjà,Dones,Nou Barris,8,2022,14123
Universitat/CFGM grau mitjà,Dones,Sant Andreu,9,2021,18601
Universitat/CFGM grau mitjà,Dones,Sant Andreu,9,2022,18860
Universitat/CFGM grau mitjà,Dones,Sant Martí,10,2021,33506
Universitat/CFGM grau mitjà,Dones,Sant Martí,10,2022,34236
Universitat/CFGM grau mitjà,Dones,Sants-Montjuïc,3,2021,26397
Universitat/CFGM grau mitjà,Dones,Sants-Montjuïc,3,2022,26489
Universitat/CFGM grau mitjà,Dones,Sarrià-Sant Gervasi,5,2021,35168
Universitat/CFGM grau mitjà,Dones,Sarrià-Sant Gervasi,5,2022,35781
Universitat/CFGM grau mitjà,Home,Ciutat Vella,1,2009,10195
Universitat/CFGM grau mitjà,Home,Ciutat Vella,1,2010,10502
Universitat/CFGM grau mitjà,Home,Ciutat Vella,1,2011,10523
Universitat/CFGM grau mitjà,Home,Ciutat Vella,1,2012,11079
Universitat/CFGM grau mitjà,Home,Ciutat Vella,1,2013,11561
Universitat/CFGM grau mitjà,Home,Ciutat Vella,1,2014,11859
Universitat/CFGM grau mitjà,Home,Ciutat Vella,1,2015,12029
Universitat/CFGM grau mitjà,Home,Ciutat Vella,1,2016,12392
Universitat/CFGM grau mitjà,Home,Ciutat Vella,1,2017,13209
Universitat/CFGM grau mitjà,Home,Ciutat Vella,1,2018,13615
Universitat/CFGM grau mitjà,Home,Ciutat Vella,1,2019,14614
Universitat/CFGM grau mitjà,Home,Ciutat Vella,1,2020,14859
Universitat/CFGM grau mitjà,Home,Eixample,2,2009,35253
Universitat/CFGM grau mitjà,Home,Eixample,2,2010,36475
Universitat/CFGM grau mitjà,Home,Eixample,2,2011,37473
Universitat/CFGM grau mitjà,Home,Eixample,2,2012,38902
Universitat/CFGM grau mitjà,Home,Eixample,2,2013,40420
Universitat/CFGM grau mitjà,Home,Eixample,2,2014,41902
Universitat/CFGM grau mitjà,Home,Eixample,2,2015,42887
Universitat/CFGM grau mitjà,Home,Eixample,2,2016,43524
Universitat/CFGM grau mitjà,Home,Eixample,2,2017,45154
Universitat/CFGM grau mitjà,Home,Eixample,2,2018,46332
Universitat/CFGM grau mitjà,Home,Eixample,2,2019,47951
Universitat/CFGM grau mitjà,Home,Eixample,2,2020,49132
Universitat/CFGM grau mitjà,Home,Gràcia,6,2009,14977
Universitat/CFGM grau mitjà,Home,Gràcia,6,2010,15726
Universitat/CFGM grau mitjà,Home,Gràcia,6,2011,16176
Universitat/CFGM grau mitjà,Home,Gràcia,6,2012,16792
Universitat/CFGM grau mitjà,Home,Gràcia,6,2013,17337
Universitat/CFGM grau mitjà,Home,Gràcia,6,2014,17874
Universitat/CFGM grau mitjà,Home,Gràcia,6,2015,18350
Universitat/CFGM grau mitjà,Home,Gràcia,6,2016,18302
Universitat/CFGM grau mitjà,Home,Gràcia,6,2017,18813
Universitat/CFGM grau mitjà,Home,Gràcia,6,2018,19307
Universitat/CFGM grau mitjà,Home,Gràcia,6,2019,20053
Universitat/CFGM grau mitjà,Home,Gràcia,6,2020,20712
Universitat/CFGM grau mitjà,Home,Horta-Guinardó,7,2009,11297
Universitat/CFGM grau mitjà,Home,Horta-Guinardó,7,2010,11734
Universitat/CFGM grau mitjà,Home,Horta-Guinardó,7,2011,12049
Universitat/CFGM grau mitjà,Home,Horta-Guinardó,7,2012,12385
Universitat/CFGM grau mitjà,Home,Horta-Guinardó,7,2013,12947
Universitat/CFGM grau mitjà,Home,Horta-Guinardó,7,2014,13325
Universitat/CFGM grau mitjà,Home,Horta-Guinardó,7,2015,13895
Universitat/CFGM grau mitjà,Home,Horta-Guinardó,7,2016,14380
Universitat/CFGM grau mitjà,Home,Horta-Guinardó,7,2017,15046
Universitat/CFGM grau mitjà,Home,Horta-Guinardó,7,2018,15731
Universitat/CFGM grau mitjà,Home,Horta-Guinardó,7,2019,16444
Universitat/CFGM grau mitjà,Home,Horta-Guinardó,7,2020,17183
Universitat/CFGM grau mitjà,Home,Les Corts,4,2009,11787
Universitat/CFGM grau mitjà,Home,Les Corts,4,2010,12295
Universitat/CFGM grau mitjà,Home,Les Corts,4,2011,12625
Universitat/CFGM grau mitjà,Home,Les Corts,4,2012,12917
Universitat/CFGM grau mitjà,Home,Les Corts,4,2013,13182
Universitat/CFGM grau mitjà,Home,Les Corts,4,2014,13523
Universitat/CFGM grau mitjà,Home,Les Corts,4,2015,13911
Universitat/CFGM grau mitjà,Home,Les Corts,4,2016,14126
Universitat/CFGM grau mitjà,Home,Les Corts,4,2017,14435
Universitat/CFGM grau mitjà,Home,Les Corts,4,2018,14698
Universitat/CFGM grau mitjà,Home,Les Corts,4,2019,15089
Universitat/CFGM grau mitjà,Home,Les Corts,4,2020,15211
Universitat/CFGM grau mitjà,Home,Nou Barris,8,2009,5587
Universitat/CFGM grau mitjà,Home,Nou Barris,8,2010,5904
Universitat/CFGM grau mitjà,Home,Nou Barris,8,2011,6174
Universitat/CFGM grau mitjà,Home,Nou Barris,8,2012,6407
Universitat/CFGM grau mitjà,Home,Nou Barris,8,2013,6628
Universitat/CFGM grau mitjà,Home,Nou Barris,8,2014,6904
Universitat/CFGM grau mitjà,Home,Nou Barris,8,2015,7259
Universitat/CFGM grau mitjà,Home,Nou Barris,8,2016,7661
Universitat/CFGM grau mitjà,Home,Nou Barris,8,2017,7991
Universitat/CFGM grau mitjà,Home,Nou Barris,8,2018,8505
Universitat/CFGM grau mitjà,Home,Nou Barris,8,2019,9037
Universitat/CFGM grau mitjà,Home,Nou Barris,8,2020,9395
Universitat/CFGM grau mitjà,Home,Sant Andreu,9,2009,8443
Universitat/CFGM grau mitjà,Home,Sant Andreu,9,2010,8929
Universitat/CFGM grau mitjà,Home,Sant Andreu,9,2011,9395
Universitat/CFGM grau mitjà,Home,Sant Andreu,9,2012,9798
Universitat/CFGM grau mitjà,Home,Sant Andreu,9,2013,10179
Universitat/CFGM grau mitjà,Home,Sant Andreu,9,2014,10473
Universitat/CFGM grau mitjà,Home,Sant Andreu,9,2015,10898
Universitat/CFGM grau mitjà,Home,Sant Andreu,9,2016,11261
Universitat/CFGM grau mitjà,Home,Sant Andreu,9,2017,11746
Universitat/CFGM grau mitjà,Home,Sant Andreu,9,2018,12432
Universitat/CFGM grau mitjà,Home,Sant Andreu,9,2019,13032
Universitat/CFGM grau mitjà,Home,Sant Andreu,9,2020,13646
Universitat/CFGM grau mitjà,Home,Sant Martí,10,2009,16447
Universitat/CFGM grau mitjà,Home,Sant Martí,10,2010,17560
Universitat/CFGM grau mitjà,Home,Sant Martí,10,2011,18486
Universitat/CFGM grau mitjà,Home,Sant Martí,10,2012,19552
Universitat/CFGM grau mitjà,Home,Sant Martí,10,2013,20397
Universitat/CFGM grau mitjà,Home,Sant Martí,10,2014,21151
Universitat/CFGM grau mitjà,Home,Sant Martí,10,2015,21875
Universitat/CFGM grau mitjà,Home,Sant Martí,10,2016,22342
Universitat/CFGM grau mitjà,Home,Sant Martí,10,2017,23410
Universitat/CFGM grau mitjà,Home,Sant Martí,10,2018,24205
Universitat/CFGM grau mitjà,Home,Sant Martí,10,2019,25478
Universitat/CFGM grau mitjà,Home,Sant Martí,10,2020,26327
Universitat/CFGM grau mitjà,Home,Sants-Montjuïc,3,2009,12309
Universitat/CFGM grau mitjà,Home,Sants-Montjuïc,3,2010,13079
Universitat/CFGM grau mitjà,Home,Sants-Montjuïc,3,2011,13674
Universitat/CFGM grau mitjà,Home,Sants-Montjuïc,3,2012,14389
Universitat/CFGM grau mitjà,Home,Sants-Montjuïc,3,2013,15063
Universitat/CFGM grau mitjà,Home,Sants-Montjuïc,3,2014,15650
Universitat/CFGM grau mitjà,Home,Sants-Montjuïc,3,2015,16246
Universitat/CFGM grau mitjà,Home,Sants-Montjuïc,3,2016,16834
Universitat/CFGM grau mitjà,Home,Sants-Montjuïc,3,2017,17604
Universitat/CFGM grau mitjà,Home,Sants-Montjuïc,3,2018,18458
Universitat/CFGM grau mitjà,Home,Sants-Montjuïc,3,2019,19739
Universitat/CFGM grau mitjà,Home,Sants-Montjuïc,3,2020,20546
Universitat/CFGM grau mitjà,Home,Sarrià-Sant Gervasi,5,2009,25251
Universitat/CFGM grau mitjà,Home,Sarrià-Sant Gervasi,5,2010,25982
Universitat/CFGM grau mitjà,Home,Sarrià-Sant Gervasi,5,2011,26544
Universitat/CFGM grau mitjà,Home,Sarrià-Sant Gervasi,5,2012,27130
Universitat/CFGM grau mitjà,Home,Sarrià-Sant Gervasi,5,2013,27944
Universitat/CFGM grau mitjà,Home,Sarrià-Sant Gervasi,5,2014,28551
Universitat/CFGM grau mitjà,Home,Sarrià-Sant Gervasi,5,2015,29145
Universitat/CFGM grau mitjà,Home,Sarrià-Sant Gervasi,5,2016,28973
Universitat/CFGM grau mitjà,Home,Sarrià-Sant Gervasi,5,2017,29481
Universitat/CFGM grau mitjà,Home,Sarrià-Sant Gervasi,5,2018,29856
Universitat/CFGM grau mitjà,Home,Sarrià-Sant Gervasi,5,2019,30461
Universitat/CFGM grau mitjà,Home,Sarrià-Sant Gervasi,5,2020,30891
Universitat/CFGM grau mitjà,Homes,Ciutat Vella,1,2021,15054
Universitat/CFGM grau mitjà,Homes,Ciutat Vella,1,2022,14786
Universitat/CFGM grau mitjà,Homes,Eixample,2,2021,50070
Universitat/CFGM grau mitjà,Homes,Eixample,2,2022,50852
Universitat/CFGM grau mitjà,Homes,Gràcia,6,2021,20923
Universitat/CFGM grau mitjà,Homes,Gràcia,6,2022,21126
Universitat/CFGM grau mitjà,Homes,Horta-Guinardó,7,2021,17399
Universitat/CFGM grau mitjà,Homes,Horta-Guinardó,7,2022,17500
Universitat/CFGM grau mitjà,Homes,Les Corts,4,2021,15089
Universitat/CFGM grau mitjà,Homes,Les Corts,4,2022,15022
Universitat/CFGM grau mitjà,Homes,Nou Barris,8,2021,9608
Universitat/CFGM grau mitjà,Homes,Nou Barris,8,2022,9662
Universitat/CFGM grau mitjà,Homes,Sant Andreu,9,2021,13844
Universitat/CFGM grau mitjà,Homes,Sant Andreu,9,2022,13967
Universitat/CFGM grau mitjà,Homes,Sant Martí,10,2021,27049
Universitat/CFGM grau mitjà,Homes,Sant Martí,10,2022,27767
Universitat/CFGM grau mitjà,Homes,Sants-Montjuïc,3,2021,21098
Universitat/CFGM grau mitjà,Homes,Sants-Montjuïc,3,2022,21099
Universitat/CFGM grau mitjà,Homes,Sarrià-Sant Gervasi,5,2021,30685
Universitat/CFGM grau mitjà,Homes,Sarrià-Sant Gervasi,5,2022,30916
