Any,Codi_Districte,Nom_Districte,Codi_Barri,Nom_Barri,Superfície (ha),superficie_km2
2012,1,Ciutat Vella,1,el Raval,109.8,1.098
2012,1,Ciutat Vella,2,el Barri Gòtic,84.2,0.8420000000000001
2012,1,Ciutat Vella,3,la Barceloneta,131.4,1.314
2012,1,Ciutat Vella,4,"Sant Pere, Santa Caterina i la Ribera",111.4,1.114
2012,2,Eixample,5,el Fort Pienc,92.9,0.929
2012,2,Eixample,6,la Sagrada Família,105.1,1.051
2012,2,Eixample,7,la Dreta de l'Eixample,212.3,2.123
2012,2,Eixample,8,l'Antiga Esquerra de l'Eixample,123.4,1.234
2012,2,Eixample,9,la Nova Esquerra de l'Eixample,133.8,1.338
2012,2,Eixample,10,Sant Antoni,80.1,0.8009999999999999
2012,3,Sants-Montjuïc,11,el Poble Sec,460.5,4.605
2012,3,Sants-Montjuïc,12,la Marina del Prat Vermell,1428.4,14.284
2012,3,Sants-Montjuïc,13,la Marina de Port,125.5,1.2550000000000001
2012,3,Sants-Montjuïc,14,la Font de la Guatlla,30.2,0.302
2012,3,Sants-Montjuïc,15,Hostafrancs,41.0,0.41000000000000003
2012,3,Sants-Montjuïc,16,la Bordeta,57.7,0.5770000000000001
2012,3,Sants-Montjuïc,17,Sants - Badal,41.1,0.41100000000000003
2012,3,Sants-Montjuïc,18,Sants,109.8,1.098
2012,4,Les Corts,19,les Corts,141.3,1.413
2012,4,Les Corts,20,la Maternitat i Sant Ramon,190.3,1.9030000000000002
2012,4,Les Corts,21,Pedralbes,270.2,2.702
2012,5,Sarrià-Sant Gervasi,22,"Vallvidrera, el Tibidabo i les Planes",1152.2,11.522
2012,5,Sarrià-Sant Gervasi,23,Sarrià,304.2,3.042
2012,5,Sarrià-Sant Gervasi,24,les Tres Torres,78.8,0.788
2012,5,Sarrià-Sant Gervasi,25,Sant Gervasi - la Bonanova,223.5,2.235
2012,5,Sarrià-Sant Gervasi,26,Sant Gervasi - Galvany,165.9,1.659
2012,5,Sarrià-Sant Gervasi,27,el Putxet i el Farró,84.6,0.846
2012,6,Gràcia,28,Vallcarca i els Penitents,120.9,1.209
2012,6,Gràcia,29,el Coll,35.8,0.358
2012,6,Gràcia,30,la Salut,64.3,0.643
2012,6,Gràcia,31,la Vila de Gràcia,132.6,1.326
2012,6,Gràcia,32,el Camp d'en Grassot i Gràcia Nova,65.0,0.65
2012,7,Horta-Guinardó,33,el Baix Guinardó,56.0,0.56
2012,7,Horta-Guinardó,34,Can Baró,38.4,0.384
2012,7,Horta-Guinardó,35,el Guinardó,130.8,1.308
2012,7,Horta-Guinardó,36,la Font d'en Fargues,65.7,0.657
2012,7,Horta-Guinardó,37,el Carmel,94.2,0.9420000000000001
2012,7,Horta-Guinardó,38,la Teixonera,33.7,0.337
2012,7,Horta-Guinardó,39,Sant Genís dels Agudells,171.6,1.716
2012,7,Horta-Guinardó,40,Montbau,204.7,2.0469999999999997
2012,7,Horta-Guinardó,41,la Vall d'Hebron,73.6,0.736
2012,7,Horta-Guinardó,42,la Clota,17.8,0.17800000000000002
2012,7,Horta-Guinardó,43,Horta,308.2,3.082
2012,8,Nou Barris,44,Vilapicina i la Torre Llobeta,56.7,0.5670000000000001
2012,8,Nou Barris,45,Porta,84.1,0.841
2012,8,Nou Barris,46,el Turó de la Peira,35.4,0.354
2012,8,Nou Barris,47,Can Peguera,12.0,0.12
2012,8,Nou Barris,48,la Guineueta,61.1,0.611
2012,8,Nou Barris,49,Canyelles,79.3,0.793
2012,8,Nou Barris,50,les Roquetes,64.2,0.642
2012,8,Nou Barris,51,Verdun,23.7,0.237
2012,8,Nou Barris,52,la Prosperitat,59.5,0.595
2012,8,Nou Barris,53,la Trinitat Nova,56.0,0.56
2012,8,Nou Barris,54,Torre Baró,176.8,1.7680000000000002
2012,8,Nou Barris,55,Ciutat Meridiana,35.5,0.355
2012,8,Nou Barris,56,Vallbona,59.8,0.598
2012,9,Sant Andreu,57,la Trinitat Vella,81.0,0.81
2012,9,Sant Andreu,58,Baró de Viver,23.0,0.23
2012,9,Sant Andreu,59,el Bon Pastor,188.2,1.882
2012,9,Sant Andreu,60,Sant Andreu,184.1,1.841
2012,9,Sant Andreu,61,la Sagrera,97.2,0.9720000000000001
2012,9,Sant Andreu,62,el Congrés i els Indians,40.7,0.40700000000000003
2012,9,Sant Andreu,63,Navas,42.3,0.423
2012,10,Sant Martí,64,el Camp de l'Arpa del Clot,74.2,0.742
2012,10,Sant Martí,65,el Clot,69.6,0.696
2012,10,Sant Martí,66,el Parc i la Llacuna del Poblenou,111.4,1.114
2012,10,Sant Martí,67,la Vila Olímpica del Poblenou,94.3,0.943
2012,10,Sant Martí,68,el Poblenou,154.5,1.545
2012,10,Sant Martí,69,Diagonal Mar i el Front Marítim del Poblenou,123.7,1.237
2012,10,Sant Martí,70,el Besòs i el Maresme,127.4,1.274
2012,10,Sant Martí,71,Provençals del Poblenou,110.5,1.105
2012,10,Sant Martí,72,Sant Martí de Provençals,74.5,0.745
2012,10,Sant Martí,73,la Verneda i la Pau,112.3,1.123
2013,1,Ciutat Vella,1,el Raval,109.8,1.098
2013,1,Ciutat Vella,2,el Barri Gòtic,84.2,0.8420000000000001
2013,1,Ciutat Vella,3,la Barceloneta,131.4,1.314
2013,1,Ciutat Vella,4,"Sant Pere, Santa Caterina i la Ribera",111.4,1.114
2013,2,Eixample,5,el Fort Pienc,92.9,0.929
2013,2,Eixample,6,la Sagrada Família,105.1,1.051
2013,2,Eixample,7,la Dreta de l'Eixample,212.3,2.123
2013,2,Eixample,8,l'Antiga Esquerra de l'Eixample,123.4,1.234
2013,2,Eixample,9,la Nova Esquerra de l'Eixample,133.8,1.338
2013,2,Eixample,10,Sant Antoni,80.1,0.8009999999999999
2013,3,Sants-Montjuïc,11,el Poble Sec,460.5,4.605
2013,3,Sants-Montjuïc,12,la Marina del Prat Vermell,1428.4,14.284
2013,3,Sants-Montjuïc,13,la Marina de Port,125.5,1.2550000000000001
2013,3,Sants-Montjuïc,14,la Font de la Guatlla,30.2,0.302
2013,3,Sants-Montjuïc,15,Hostafrancs,41.0,0.41000000000000003
2013,3,Sants-Montjuïc,16,la Bordeta,57.7,0.5770000000000001
2013,3,Sants-Montjuïc,17,Sants - Badal,41.1,0.41100000000000003
2013,3,Sants-Montjuïc,18,Sants,109.8,1.098
2013,4,Les Corts,19,les Corts,141.3,1.413
2013,4,Les Corts,20,la Maternitat i Sant Ramon,190.3,1.9030000000000002
2013,4,Les Corts,21,Pedralbes,270.2,2.702
2013,5,Sarrià-Sant Gervasi,22,"Vallvidrera, el Tibidabo i les Planes",1152.2,11.522
2013,5,Sarrià-Sant Gervasi,23,Sarrià,304.2,3.042
2013,5,Sarrià-Sant Gervasi,24,les Tres Torres,78.8,0.788
2013,5,Sarrià-Sant Gervasi,25,Sant Gervasi - la Bonanova,223.5,2.235
2013,5,Sarrià-Sant Gervasi,26,Sant Gervasi - Galvany,165.9,1.659
2013,5,Sarrià-Sant Gervasi,27,el Putxet i el Farró,84.6,0.846
2013,6,Gràcia,28,Vallcarca i els Penitents,120.9,1.209
2013,6,Gràcia,29,el Coll,35.8,0.358
2013,6,Gràcia,30,la Salut,64.3,0.643
2013,6,Gràcia,31,la Vila de Gràcia,132.6,1.326
2013,6,Gràcia,32,el Camp d'en Grassot i Gràcia Nova,65.0,0.65
2013,7,Horta-Guinardó,33,el Baix Guinardó,56.0,0.56
2013,7,Horta-Guinardó,34,Can Baró,38.4,0.384
2013,7,Horta-Guinardó,35,el Guinardó,130.8,1.308
2013,7,Horta-Guinardó,36,la Font d'en Fargues,65.7,0.657
2013,7,Horta-Guinardó,37,el Carmel,94.2,0.9420000000000001
2013,7,Horta-Guinardó,38,la Teixonera,33.7,0.337
2013,7,Horta-Guinardó,39,Sant Genís dels Agudells,171.6,1.716
2013,7,Horta-Guinardó,40,Montbau,204.7,2.0469999999999997
2013,7,Horta-Guinardó,41,la Vall d'Hebron,73.6,0.736
2013,7,Horta-Guinardó,42,la Clota,17.8,0.17800000000000002
2013,7,Horta-Guinardó,43,Horta,308.2,3.082
2013,8,Nou Barris,44,Vilapicina i la Torre Llobeta,56.7,0.5670000000000001
2013,8,Nou Barris,45,Porta,84.1,0.841
2013,8,Nou Barris,46,el Turó de la Peira,35.4,0.354
2013,8,Nou Barris,47,Can Peguera,12.0,0.12
2013,8,Nou Barris,48,la Guineueta,61.1,0.611
2013,8,Nou Barris,49,Canyelles,79.3,0.793
2013,8,Nou Barris,50,les Roquetes,64.2,0.642
2013,8,Nou Barris,51,Verdun,23.7,0.237
2013,8,Nou Barris,52,la Prosperitat,59.5,0.595
2013,8,Nou Barris,53,la Trinitat Nova,56.0,0.56
2013,8,Nou Barris,54,Torre Baró,176.8,1.7680000000000002
2013,8,Nou Barris,55,Ciutat Meridiana,35.5,0.355
2013,8,Nou Barris,56,Vallbona,59.8,0.598
2013,9,Sant Andreu,57,la Trinitat Vella,81.0,0.81
2013,9,Sant Andreu,58,Baró de Viver,23.0,0.23
2013,9,Sant Andreu,59,el Bon Pastor,188.2,1.882
2013,9,Sant Andreu,60,Sant Andreu,184.1,1.841
2013,9,Sant Andreu,61,la Sagrera,97.2,0.9720000000000001
2013,9,Sant Andreu,62,el Congrés i els Indians,40.7,0.40700000000000003
2013,9,Sant Andreu,63,Navas,42.3,0.423
2013,10,Sant Martí,64,el Camp de l'Arpa del Clot,74.2,0.742
2013,10,Sant Martí,65,el Clot,69.6,0.696
2013,10,Sant Martí,66,el Parc i la Llacuna del Poblenou,111.4,1.114
2013,10,Sant Martí,67,la Vila Olímpica del Poblenou,94.3,0.943
2013,10,Sant Martí,68,el Poblenou,154.5,1.545
2013,10,Sant Martí,69,Diagonal Mar i el Front Marítim del Poblenou,123.7,1.237
2013,10,Sant Martí,70,el Besòs i el Maresme,127.4,1.274
2013,10,Sant Martí,71,Provençals del Poblenou,110.5,1.105
2013,10,Sant Martí,72,Sant Martí de Provençals,74.5,0.745
2013,10,Sant Martí,73,la Verneda i la Pau,112.3,1.123
2014,1,Ciutat Vella,1,el Raval,109.8,1.098
2014,1,Ciutat Vella,2,el Barri Gòtic,84.2,0.8420000000000001
2014,1,Ciutat Vella,3,la Barceloneta,131.4,1.314
2014,1,Ciutat Vella,4,"Sant Pere, Santa Caterina i la Ribera",111.4,1.114
2014,2,Eixample,5,el Fort Pienc,92.9,0.929
2014,2,Eixample,6,la Sagrada Família,105.1,1.051
2014,2,Eixample,7,la Dreta de l'Eixample,212.3,2.123
2014,2,Eixample,8,l'Antiga Esquerra de l'Eixample,123.4,1.234
2014,2,Eixample,9,la Nova Esquerra de l'Eixample,133.8,1.338
2014,2,Eixample,10,Sant Antoni,80.1,0.8009999999999999
2014,3,Sants-Montjuïc,11,el Poble Sec,460.5,4.605
2014,3,Sants-Montjuïc,12,la Marina del Prat Vermell,1428.4,14.284
2014,3,Sants-Montjuïc,13,la Marina de Port,125.5,1.2550000000000001
2014,3,Sants-Montjuïc,14,la Font de la Guatlla,30.2,0.302
2014,3,Sants-Montjuïc,15,Hostafrancs,41.0,0.41000000000000003
2014,3,Sants-Montjuïc,16,la Bordeta,57.7,0.5770000000000001
2014,3,Sants-Montjuïc,17,Sants - Badal,41.1,0.41100000000000003
2014,3,Sants-Montjuïc,18,Sants,109.8,1.098
2014,4,Les Corts,19,les Corts,141.3,1.413
2014,4,Les Corts,20,la Maternitat i Sant Ramon,190.3,1.9030000000000002
2014,4,Les Corts,21,Pedralbes,270.2,2.702
2014,5,Sarrià-Sant Gervasi,22,"Vallvidrera, el Tibidabo i les Planes",1152.2,11.522
2014,5,Sarrià-Sant Gervasi,23,Sarrià,304.2,3.042
2014,5,Sarrià-Sant Gervasi,24,les Tres Torres,78.8,0.788
2014,5,Sarrià-Sant Gervasi,25,Sant Gervasi - la Bonanova,223.5,2.235
2014,5,Sarrià-Sant Gervasi,26,Sant Gervasi - Galvany,165.9,1.659
2014,5,Sarrià-Sant Gervasi,27,el Putxet i el Farró,84.6,0.846
2014,6,Gràcia,28,Vallcarca i els Penitents,120.9,1.209
2014,6,Gràcia,29,el Coll,35.8,0.358
2014,6,Gràcia,30,la Salut,64.3,0.643
2014,6,Gràcia,31,la Vila de Gràcia,132.6,1.326
2014,6,Gràcia,32,el Camp d'en Grassot i Gràcia Nova,65.0,0.65
2014,7,Horta-Guinardó,33,el Baix Guinardó,56.0,0.56
2014,7,Horta-Guinardó,34,Can Baró,38.4,0.384
2014,7,Horta-Guinardó,35,el Guinardó,130.8,1.308
2014,7,Horta-Guinardó,36,la Font d'en Fargues,65.7,0.657
2014,7,Horta-Guinardó,37,el Carmel,94.2,0.9420000000000001
2014,7,Horta-Guinardó,38,la Teixonera,33.7,0.337
2014,7,Horta-Guinardó,39,Sant Genís dels Agudells,171.6,1.716
2014,7,Horta-Guinardó,40,Montbau,204.7,2.0469999999999997
2014,7,Horta-Guinardó,41,la Vall d'Hebron,73.6,0.736
2014,7,Horta-Guinardó,42,la Clota,17.8,0.17800000000000002
2014,7,Horta-Guinardó,43,Horta,308.2,3.082
2014,8,Nou Barris,44,Vilapicina i la Torre Llobeta,56.7,0.5670000000000001
2014,8,Nou Barris,45,Porta,84.1,0.841
2014,8,Nou Barris,46,el Turó de la Peira,35.4,0.354
2014,8,Nou Barris,47,Can Peguera,12.0,0.12
2014,8,Nou Barris,48,la Guineueta,61.1,0.611
2014,8,Nou Barris,49,Canyelles,79.3,0.793
2014,8,Nou Barris,50,les Roquetes,64.2,0.642
2014,8,Nou Barris,51,Verdun,23.7,0.237
2014,8,Nou Barris,52,la Prosperitat,59.5,0.595
2014,8,Nou Barris,53,la Trinitat Nova,56.0,0.56
2014,8,Nou Barris,54,Torre Baró,176.8,1.7680000000000002
2014,8,Nou Barris,55,Ciutat Meridiana,35.5,0.355
2014,8,Nou Barris,56,Vallbona,59.8,0.598
2014,9,Sant Andreu,57,la Trinitat Vella,81.0,0.81
2014,9,Sant Andreu,58,Baró de Viver,23.0,0.23
2014,9,Sant Andreu,59,el Bon Pastor,188.2,1.882
2014,9,Sant Andreu,60,Sant Andreu,184.1,1.841
2014,9,Sant Andreu,61,la Sagrera,97.2,0.9720000000000001
2014,9,Sant Andreu,62,el Congrés i els Indians,40.7,0.40700000000000003
2014,9,Sant Andreu,63,Navas,42.3,0.423
2014,10,Sant Martí,64,el Camp de l'Arpa del Clot,74.2,0.742
2014,10,Sant Martí,65,el Clot,69.6,0.696
2014,10,Sant Martí,66,el Parc i la Llacuna del Poblenou,111.4,1.114
2014,10,Sant Martí,67,la Vila Olímpica del Poblenou,94.3,0.943
2014,10,Sant Martí,68,el Poblenou,154.5,1.545
2014,10,Sant Martí,69,Diagonal Mar i el Front Marítim del Poblenou,123.7,1.237
2014,10,Sant Martí,70,el Besòs i el Maresme,127.4,1.274
2014,10,Sant Martí,71,Provençals del Poblenou,110.5,1.105
2014,10,Sant Martí,72,Sant Martí de Provençals,74.5,0.745
2014,10,Sant Martí,73,la Verneda i la Pau,112.3,1.123
2015,1,Ciutat Vella,1,el Raval,109.8,1.098
2015,1,Ciutat Vella,2,el Barri Gòtic,84.2,0.8420000000000001
2015,1,Ciutat Vella,3,la Barceloneta,131.4,1.314
2015,1,Ciutat Vella,4,"Sant Pere, Santa Caterina i la Ribera",111.4,1.114
2015,2,Eixample,5,el Fort Pienc,92.9,0.929
2015,2,Eixample,6,la Sagrada Família,105.1,1.051
2015,2,Eixample,7,la Dreta de l'Eixample,212.3,2.123
2015,2,Eixample,8,l'Antiga Esquerra de l'Eixample,123.4,1.234
2015,2,Eixample,9,la Nova Esquerra de l'Eixample,133.8,1.338
2015,2,Eixample,10,Sant Antoni,80.1,0.8009999999999999
2015,3,Sants-Montjuïc,11,el Poble Sec,460.5,4.605
2015,3,Sants-Montjuïc,12,la Marina del Prat Vermell,1428.4,14.284
2015,3,Sants-Montjuïc,13,la Marina de Port,125.5,1.2550000000000001
2015,3,Sants-Montjuïc,14,la Font de la Guatlla,30.2,0.302
2015,3,Sants-Montjuïc,15,Hostafrancs,41.0,0.41000000000000003
2015,3,Sants-Montjuïc,16,la Bordeta,57.7,0.5770000000000001
2015,3,Sants-Montjuïc,17,Sants - Badal,41.1,0.41100000000000003
2015,3,Sants-Montjuïc,18,Sants,109.8,1.098
2015,4,Les Corts,19,les Corts,141.3,1.413
2015,4,Les Corts,20,la Maternitat i Sant Ramon,190.3,1.9030000000000002
2015,4,Les Corts,21,Pedralbes,270.2,2.702
2015,5,Sarrià-Sant Gervasi,22,"Vallvidrera, el Tibidabo i les Planes",1152.4,11.524000000000001
2015,5,Sarrià-Sant Gervasi,23,Sarrià,304.2,3.042
2015,5,Sarrià-Sant Gervasi,24,les Tres Torres,78.8,0.788
2015,5,Sarrià-Sant Gervasi,25,Sant Gervasi - la Bonanova,223.5,2.235
2015,5,Sarrià-Sant Gervasi,26,Sant Gervasi - Galvany,165.9,1.659
2015,5,Sarrià-Sant Gervasi,27,el Putxet i el Farró,84.6,0.846
2015,6,Gràcia,28,Vallcarca i els Penitents,120.9,1.209
2015,6,Gràcia,29,el Coll,35.8,0.358
2015,6,Gràcia,30,la Salut,64.3,0.643
2015,6,Gràcia,31,la Vila de Gràcia,132.6,1.326
2015,6,Gràcia,32,el Camp d'en Grassot i Gràcia Nova,65.0,0.65
2015,7,Horta-Guinardó,33,el Baix Guinardó,56.0,0.56
2015,7,Horta-Guinardó,34,Can Baró,38.4,0.384
2015,7,Horta-Guinardó,35,el Guinardó,130.8,1.308
2015,7,Horta-Guinardó,36,la Font d'en Fargues,65.7,0.657
2015,7,Horta-Guinardó,37,el Carmel,94.2,0.9420000000000001
2015,7,Horta-Guinardó,38,la Teixonera,33.7,0.337
2015,7,Horta-Guinardó,39,Sant Genís dels Agudells,171.6,1.716
2015,7,Horta-Guinardó,40,Montbau,204.7,2.0469999999999997
2015,7,Horta-Guinardó,41,la Vall d'Hebron,73.6,0.736
2015,7,Horta-Guinardó,42,la Clota,17.8,0.17800000000000002
2015,7,Horta-Guinardó,43,Horta,308.2,3.082
2015,8,Nou Barris,44,Vilapicina i la Torre Llobeta,56.7,0.5670000000000001
2015,8,Nou Barris,45,Porta,84.1,0.841
2015,8,Nou Barris,46,el Turó de la Peira,35.4,0.354
2015,8,Nou Barris,47,Can Peguera,12.0,0.12
2015,8,Nou Barris,48,la Guineueta,61.1,0.611
2015,8,Nou Barris,49,Canyelles,79.3,0.793
2015,8,Nou Barris,50,les Roquetes,64.2,0.642
2015,8,Nou Barris,51,Verdun,23.7,0.237
2015,8,Nou Barris,52,la Prosperitat,59.5,0.595
2015,8,Nou Barris,53,la Trinitat Nova,56.0,0.56
2015,8,Nou Barris,54,Torre Baró,176.8,1.7680000000000002
2015,8,Nou Barris,55,Ciutat Meridiana,35.5,0.355
2015,8,Nou Barris,56,Vallbona,59.8,0.598
2015,9,Sant Andreu,57,la Trinitat Vella,81.0,0.81
2015,9,Sant Andreu,58,Baró de Viver,23.0,0.23
2015,9,Sant Andreu,59,el Bon Pastor,188.2,1.882
2015,9,Sant Andreu,60,Sant Andreu,184.1,1.841
2015,9,Sant Andreu,61,la Sagrera,97.2,0.9720000000000001
2015,9,Sant Andreu,62,el Congrés i els Indians,40.7,0.40700000000000003
2015,9,Sant Andreu,63,Navas,42.3,0.423
2015,10,Sant Martí,64,el Camp de l'Arpa del Clot,74.2,0.742
2015,10,Sant Martí,65,el Clot,69.6,0.696
2015,10,Sant Martí,66,el Parc i la Llacuna del Poblenou,111.4,1.114
2015,10,Sant Martí,67,la Vila Olímpica del Poblenou,94.3,0.943
2015,10,Sant Martí,68,el Poblenou,154.5,1.545
2015,10,Sant Martí,69,Diagonal Mar i el Front Marítim del Poblenou,123.7,1.237
2015,10,Sant Martí,70,el Besòs i el Maresme,127.4,1.274
2015,10,Sant Martí,71,Provençals del Poblenou,110.5,1.105
2015,10,Sant Martí,72,Sant Martí de Provençals,74.5,0.745
2015,10,Sant Martí,73,la Verneda i la Pau,112.3,1.123
2016,1,Ciutat Vella,1,el Raval,109.8,1.098
2016,1,Ciutat Vella,2,el Barri Gòtic,84.2,0.8420000000000001
2016,1,Ciutat Vella,3,la Barceloneta,131.4,1.314
2016,1,Ciutat Vella,4,"Sant Pere, Santa Caterina i la Ribera",111.4,1.114
2016,2,Eixample,5,el Fort Pienc,92.9,0.929
2016,2,Eixample,6,la Sagrada Família,105.1,1.051
2016,2,Eixample,7,la Dreta de l'Eixample,212.3,2.123
2016,2,Eixample,8,l'Antiga Esquerra de l'Eixample,123.4,1.234
2016,2,Eixample,9,la Nova Esquerra de l'Eixample,133.8,1.338
2016,2,Eixample,10,Sant Antoni,80.1,0.8009999999999999
2016,3,Sants-Montjuïc,11,el Poble Sec,460.5,4.605
2016,3,Sants-Montjuïc,12,la Marina del Prat Vermell,1428.4,14.284
2016,3,Sants-Montjuïc,13,la Marina de Port,125.5,1.2550000000000001
2016,3,Sants-Montjuïc,14,la Font de la Guatlla,30.2,0.302
2016,3,Sants-Montjuïc,15,Hostafrancs,41.0,0.41000000000000003
2016,3,Sants-Montjuïc,16,la Bordeta,57.7,0.5770000000000001
2016,3,Sants-Montjuïc,17,Sants - Badal,41.1,0.41100000000000003
2016,3,Sants-Montjuïc,18,Sants,109.8,1.098
2016,4,Les Corts,19,les Corts,141.3,1.413
2016,4,Les Corts,20,la Maternitat i Sant Ramon,190.3,1.9030000000000002
2016,4,Les Corts,21,Pedralbes,270.2,2.702
2016,5,Sarrià-Sant Gervasi,22,"Vallvidrera, el Tibidabo i les Planes",1152.2,11.522
2016,5,Sarrià-Sant Gervasi,23,Sarrià,304.2,3.042
2016,5,Sarrià-Sant Gervasi,24,les Tres Torres,78.8,0.788
2016,5,Sarrià-Sant Gervasi,25,Sant Gervasi - la Bonanova,223.5,2.235
2016,5,Sarrià-Sant Gervasi,26,Sant Gervasi - Galvany,165.9,1.659
2016,5,Sarrià-Sant Gervasi,27,el Putxet i el Farró,84.6,0.846
2016,6,Gràcia,28,Vallcarca i els Penitents,120.9,1.209
2016,6,Gràcia,29,el Coll,35.8,0.358
2016,6,Gràcia,30,la Salut,64.3,0.643
2016,6,Gràcia,31,la Vila de Gràcia,132.6,1.326
2016,6,Gràcia,32,el Camp d'en Grassot i Gràcia Nova,65.0,0.65
2016,7,Horta-Guinardó,33,el Baix Guinardó,56.0,0.56
2016,7,Horta-Guinardó,34,Can Baró,38.4,0.384
2016,7,Horta-Guinardó,35,el Guinardó,130.8,1.308
2016,7,Horta-Guinardó,36,la Font d'en Fargues,65.7,0.657
2016,7,Horta-Guinardó,37,el Carmel,94.2,0.9420000000000001
2016,7,Horta-Guinardó,38,la Teixonera,33.7,0.337
2016,7,Horta-Guinardó,39,Sant Genís dels Agudells,171.6,1.716
2016,7,Horta-Guinardó,40,Montbau,204.7,2.0469999999999997
2016,7,Horta-Guinardó,41,la Vall d'Hebron,73.6,0.736
2016,7,Horta-Guinardó,42,la Clota,17.8,0.17800000000000002
2016,7,Horta-Guinardó,43,Horta,308.2,3.082
2016,8,Nou Barris,44,Vilapicina i la Torre Llobeta,56.7,0.5670000000000001
2016,8,Nou Barris,45,Porta,84.1,0.841
2016,8,Nou Barris,46,el Turó de la Peira,35.4,0.354
2016,8,Nou Barris,47,Can Peguera,12.0,0.12
2016,8,Nou Barris,48,la Guineueta,61.1,0.611
2016,8,Nou Barris,49,Canyelles,79.3,0.793
2016,8,Nou Barris,50,les Roquetes,64.2,0.642
2016,8,Nou Barris,51,Verdun,23.7,0.237
2016,8,Nou Barris,52,la Prosperitat,59.5,0.595
2016,8,Nou Barris,53,la Trinitat Nova,56.0,0.56
2016,8,Nou Barris,54,Torre Baró,176.8,1.7680000000000002
2016,8,Nou Barris,55,Ciutat Meridiana,35.5,0.355
2016,8,Nou Barris,56,Vallbona,59.8,0.598
2016,9,Sant Andreu,57,la Trinitat Vella,81.0,0.81
2016,9,Sant Andreu,58,Baró de Viver,23.0,0.23
2016,9,Sant Andreu,59,el Bon Pastor,188.2,1.882
2016,9,Sant Andreu,60,Sant Andreu,184.1,1.841
2016,9,Sant Andreu,61,la Sagrera,97.2,0.9720000000000001
2016,9,Sant Andreu,62,el Congrés i els Indians,40.7,0.40700000000000003
2016,9,Sant Andreu,63,Navas,42.3,0.423
2016,10,Sant Martí,64,el Camp de l'Arpa del Clot,74.2,0.742
2016,10,Sant Martí,65,el Clot,69.6,0.696
2016,10,Sant Martí,66,el Parc i la Llacuna del Poblenou,111.4,1.114
2016,10,Sant Martí,67,la Vila Olímpica del Poblenou,94.3,0.943
2016,10,Sant Martí,68,el Poblenou,154.5,1.545
2016,10,Sant Martí,69,Diagonal Mar i el Front Marítim del Poblenou,123.7,1.237
2016,10,Sant Martí,70,el Besòs i el Maresme,127.4,1.274
2016,10,Sant Martí,71,Provençals del Poblenou,110.5,1.105
2016,10,Sant Martí,72,Sant Martí de Provençals,74.5,0.745
2016,10,Sant Martí,73,la Verneda i la Pau,112.3,1.123
2017,1,Ciutat Vella,1,el Raval,109.8,1.098
2017,1,Ciutat Vella,2,el Barri Gòtic,84.2,0.8420000000000001
2017,1,Ciutat Vella,3,la Barceloneta,131.4,1.314
2017,1,Ciutat Vella,4,"Sant Pere, Santa Caterina i la Ribera",111.4,1.114
2017,2,Eixample,5,el Fort Pienc,92.9,0.929
2017,2,Eixample,6,la Sagrada Família,105.1,1.051
2017,2,Eixample,7,la Dreta de l'Eixample,212.3,2.123
2017,2,Eixample,8,l'Antiga Esquerra de l'Eixample,123.4,1.234
2017,2,Eixample,9,la Nova Esquerra de l'Eixample,133.8,1.338
2017,2,Eixample,10,Sant Antoni,80.1,0.8009999999999999
2017,3,Sants-Montjuïc,11,el Poble Sec,460.5,4.605
2017,3,Sants-Montjuïc,12,la Marina del Prat Vermell,1428.4,14.284
2017,3,Sants-Montjuïc,13,la Marina de Port,125.5,1.2550000000000001
2017,3,Sants-Montjuïc,14,la Font de la Guatlla,30.2,0.302
2017,3,Sants-Montjuïc,15,Hostafrancs,41.0,0.41000000000000003
2017,3,Sants-Montjuïc,16,la Bordeta,57.7,0.5770000000000001
2017,3,Sants-Montjuïc,17,Sants - Badal,41.1,0.41100000000000003
2017,3,Sants-Montjuïc,18,Sants,109.8,1.098
2017,4,Les Corts,19,les Corts,141.3,1.413
2017,4,Les Corts,20,la Maternitat i Sant Ramon,190.3,1.9030000000000002
2017,4,Les Corts,21,Pedralbes,270.2,2.702
2017,5,Sarrià-Sant Gervasi,22,"Vallvidrera, el Tibidabo i les Planes",1152.2,11.522
2017,5,Sarrià-Sant Gervasi,23,Sarrià,304.2,3.042
2017,5,Sarrià-Sant Gervasi,24,les Tres Torres,78.8,0.788
2017,5,Sarrià-Sant Gervasi,25,Sant Gervasi - la Bonanova,223.5,2.235
2017,5,Sarrià-Sant Gervasi,26,Sant Gervasi - Galvany,165.9,1.659
2017,5,Sarrià-Sant Gervasi,27,el Putxet i el Farró,84.6,0.846
2017,6,Gràcia,28,Vallcarca i els Penitents,120.9,1.209
2017,6,Gràcia,29,el Coll,35.8,0.358
2017,6,Gràcia,30,la Salut,64.3,0.643
2017,6,Gràcia,31,la Vila de Gràcia,132.6,1.326
2017,6,Gràcia,32,el Camp d'en Grassot i Gràcia Nova,65.0,0.65
2017,7,Horta-Guinardó,33,el Baix Guinardó,56.0,0.56
2017,7,Horta-Guinardó,34,Can Baró,38.4,0.384
2017,7,Horta-Guinardó,35,el Guinardó,130.8,1.308
2017,7,Horta-Guinardó,36,la Font d'en Fargues,65.7,0.657
2017,7,Horta-Guinardó,37,el Carmel,94.2,0.9420000000000001
2017,7,Horta-Guinardó,38,la Teixonera,33.7,0.337
2017,7,Horta-Guinardó,39,Sant Genís dels Agudells,171.6,1.716
2017,7,Horta-Guinardó,40,Montbau,204.7,2.0469999999999997
2017,7,Horta-Guinardó,41,la Vall d'Hebron,73.6,0.736
2017,7,Horta-Guinardó,42,la Clota,17.8,0.17800000000000002
2017,7,Horta-Guinardó,43,Horta,308.2,3.082
2017,8,Nou Barris,44,Vilapicina i la Torre Llobeta,56.7,0.5670000000000001
2017,8,Nou Barris,45,Porta,84.1,0.841
2017,8,Nou Barris,46,el Turó de la Peira,35.4,0.354
2017,8,Nou Barris,47,Can Peguera,12.0,0.12
2017,8,Nou Barris,48,la Guineueta,61.1,0.611
2017,8,Nou Barris,49,Canyelles,79.3,0.793
2017,8,Nou Barris,50,les Roquetes,64.2,0.642
2017,8,Nou Barris,51,Verdun,23.7,0.237
2017,8,Nou Barris,52,la Prosperitat,59.5,0.595
2017,8,Nou Barris,53,la Trinitat Nova,56.0,0.56
2017,8,Nou Barris,54,Torre Baró,176.8,1.7680000000000002
2017,8,Nou Barris,55,Ciutat Meridiana,35.5,0.355
2017,8,Nou Barris,56,Vallbona,59.8,0.598
2017,9,Sant Andreu,57,la Trinitat Vella,81.0,0.81
2017,9,Sant Andreu,58,Baró de Viver,23.0,0.23
2017,9,Sant Andreu,59,el Bon Pastor,188.2,1.882
2017,9,Sant Andreu,60,Sant Andreu,184.1,1.841
2017,9,Sant Andreu,61,la Sagrera,97.2,0.9720000000000001
2017,9,Sant Andreu,62,el Congrés i els Indians,40.7,0.40700000000000003
2017,9,Sant Andreu,63,Navas,42.3,0.423
2017,10,Sant Martí,64,el Camp de l'Arpa del Clot,74.2,0.742
2017,10,Sant Martí,65,el Clot,69.6,0.696
2017,10,Sant Martí,66,el Parc i la Llacuna del Poblenou,111.4,1.114
2017,10,Sant Martí,67,la Vila Olímpica del Poblenou,94.3,0.943
2017,10,Sant Martí,68,el Poblenou,154.5,1.545
2017,10,Sant Martí,69,Diagonal Mar i el Front Marítim del Poblenou,123.7,1.237
2017,10,Sant Martí,70,el Besòs i el Maresme,127.4,1.274
2017,10,Sant Martí,71,Provençals del Poblenou,110.5,1.105
2017,10,Sant Martí,72,Sant Martí de Provençals,74.5,0.745
2017,10,Sant Martí,73,la Verneda i la Pau,112.3,1.123
2018,1,Ciutat Vella,1,el Raval,110.0,1.1
2018,1,Ciutat Vella,2,el Barri Gòtic,81.6,0.816
2018,1,Ciutat Vella,3,la Barceloneta,108.5,1.085
2018,1,Ciutat Vella,4,"Sant Pere, Santa Caterina i la Ribera",111.0,1.11
2018,2,Eixample,5,el Fort Pienc,92.9,0.929
2018,2,Eixample,6,la Sagrada Família,104.2,1.042
2018,2,Eixample,7,la Dreta de l'Eixample,212.0,2.12
2018,2,Eixample,8,l'Antiga Esquerra de l'Eixample,122.8,1.228
2018,2,Eixample,9,la Nova Esquerra de l'Eixample,134.0,1.34
2018,2,Eixample,10,Sant Antoni,80.5,0.805
2018,3,Sants-Montjuïc,11,el Poble Sec,458.5,4.585
2018,3,Sants-Montjuïc,12,la Marina del Prat Vermell,1403.4,14.034
2018,3,Sants-Montjuïc,13,la Marina de Port,126.9,1.2690000000000001
2018,3,Sants-Montjuïc,14,la Font de la Guatlla,29.7,0.297
2018,3,Sants-Montjuïc,15,Hostafrancs,41.0,0.41000000000000003
2018,3,Sants-Montjuïc,16,la Bordeta,57.2,0.5720000000000001
2018,3,Sants-Montjuïc,17,Sants - Badal,41.5,0.41500000000000004
2018,3,Sants-Montjuïc,18,Sants,109.5,1.095
2018,4,Les Corts,19,les Corts,141.0,1.41
2018,4,Les Corts,20,la Maternitat i Sant Ramon,191.5,1.915
2018,4,Les Corts,21,Pedralbes,269.1,2.6910000000000003
2018,5,Sarrià-Sant Gervasi,22,"Vallvidrera, el Tibidabo i les Planes",1132.9,11.329
2018,5,Sarrià-Sant Gervasi,23,Sarrià,304.1,3.0410000000000004
2018,5,Sarrià-Sant Gervasi,24,les Tres Torres,78.8,0.788
2018,5,Sarrià-Sant Gervasi,25,Sant Gervasi - la Bonanova,223.4,2.234
2018,5,Sarrià-Sant Gervasi,26,Sant Gervasi - Galvany,166.9,1.669
2018,5,Sarrià-Sant Gervasi,27,el Putxet i el Farró,84.8,0.848
2018,6,Gràcia,28,Vallcarca i els Penitents,121.4,1.2140000000000002
2018,6,Gràcia,29,el Coll,35.3,0.353
2018,6,Gràcia,30,la Salut,64.8,0.648
2018,6,Gràcia,31,la Vila de Gràcia,132.1,1.321
2018,6,Gràcia,32,el Camp d'en Grassot i Gràcia Nova,65.1,0.6509999999999999
2018,7,Horta-Guinardó,33,el Baix Guinardó,56.2,0.562
2018,7,Horta-Guinardó,34,Can Baró,38.4,0.384
2018,7,Horta-Guinardó,35,el Guinardó,130.9,1.3090000000000002
2018,7,Horta-Guinardó,36,la Font d'en Fargues,65.7,0.657
2018,7,Horta-Guinardó,37,el Carmel,94.0,0.9400000000000001
2018,7,Horta-Guinardó,38,la Teixonera,33.8,0.33799999999999997
2018,7,Horta-Guinardó,39,Sant Genís dels Agudells,171.8,1.7180000000000002
2018,7,Horta-Guinardó,40,Montbau,205.5,2.055
2018,7,Horta-Guinardó,41,la Vall d'Hebron,74.5,0.745
2018,7,Horta-Guinardó,42,la Clota,17.8,0.17800000000000002
2018,7,Horta-Guinardó,43,Horta,307.1,3.071
2018,8,Nou Barris,44,Vilapicina i la Torre Llobeta,56.4,0.564
2018,8,Nou Barris,45,Porta,83.7,0.8370000000000001
2018,8,Nou Barris,46,el Turó de la Peira,35.4,0.354
2018,8,Nou Barris,47,Can Peguera,11.9,0.11900000000000001
2018,8,Nou Barris,48,la Guineueta,61.2,0.612
2018,8,Nou Barris,49,Canyelles,79.0,0.79
2018,8,Nou Barris,50,les Roquetes,64.3,0.643
2018,8,Nou Barris,51,Verdun,23.7,0.237
2018,8,Nou Barris,52,la Prosperitat,59.1,0.5910000000000001
2018,8,Nou Barris,53,la Trinitat Nova,57.7,0.5770000000000001
2018,8,Nou Barris,54,Torre Baró,174.2,1.742
2018,8,Nou Barris,55,Ciutat Meridiana,37.7,0.37700000000000006
2018,8,Nou Barris,56,Vallbona,60.8,0.608
2018,9,Sant Andreu,57,la Trinitat Vella,81.0,0.81
2018,9,Sant Andreu,58,Baró de Viver,23.0,0.23
2018,9,Sant Andreu,59,el Bon Pastor,186.8,1.868
2018,9,Sant Andreu,60,Sant Andreu,186.5,1.865
2018,9,Sant Andreu,61,la Sagrera,98.6,0.986
2018,9,Sant Andreu,62,el Congrés i els Indians,40.9,0.409
2018,9,Sant Andreu,63,Navas,42.4,0.424
2018,10,Sant Martí,64,el Camp de l'Arpa del Clot,74.1,0.741
2018,10,Sant Martí,65,el Clot,69.7,0.6970000000000001
2018,10,Sant Martí,66,el Parc i la Llacuna del Poblenou,112.2,1.122
2018,10,Sant Martí,67,la Vila Olímpica del Poblenou,92.5,0.925
2018,10,Sant Martí,68,el Poblenou,156.7,1.567
2018,10,Sant Martí,69,Diagonal Mar i el Front Marítim del Poblenou,120.3,1.203
2018,10,Sant Martí,70,el Besòs i el Maresme,118.6,1.186
2018,10,Sant Martí,71,Provençals del Poblenou,108.6,1.086
2018,10,Sant Martí,72,Sant Martí de Provençals,73.4,0.7340000000000001
2018,10,Sant Martí,73,la Verneda i la Pau,112.7,1.127
2019,1,Ciutat Vella,1,el Raval,110.0,1.1
2019,1,Ciutat Vella,2,el Barri Gòtic,81.6,0.816
2019,1,Ciutat Vella,3,la Barceloneta,109.5,1.095
2019,1,Ciutat Vella,4,"Sant Pere, Santa Caterina i la Ribera",111.0,1.11
2019,2,Eixample,5,el Fort Pienc,92.9,0.929
2019,2,Eixample,6,la Sagrada Família,104.2,1.042
2019,2,Eixample,7,la Dreta de l'Eixample,212.0,2.12
2019,2,Eixample,8,l'Antiga Esquerra de l'Eixample,122.8,1.228
2019,2,Eixample,9,la Nova Esquerra de l'Eixample,134.1,1.341
2019,2,Eixample,10,Sant Antoni,80.4,0.804
2019,3,Sants-Montjuïc,11,el Poble Sec,458.5,4.585
2019,3,Sants-Montjuïc,12,la Marina del Prat Vermell,1403.4,14.034
2019,3,Sants-Montjuïc,13,la Marina de Port,126.9,1.2690000000000001
2019,3,Sants-Montjuïc,14,la Font de la Guatlla,29.7,0.297
2019,3,Sants-Montjuïc,15,Hostafrancs,41.0,0.41000000000000003
2019,3,Sants-Montjuïc,16,la Bordeta,57.2,0.5720000000000001
2019,3,Sants-Montjuïc,17,Sants - Badal,41.5,0.41500000000000004
2019,3,Sants-Montjuïc,18,Sants,109.5,1.095
2019,4,Les Corts,19,les Corts,141.0,1.41
2019,4,Les Corts,20,la Maternitat i Sant Ramon,191.5,1.915
2019,4,Les Corts,21,Pedralbes,268.5,2.685
2019,5,Sarrià-Sant Gervasi,22,"Vallvidrera, el Tibidabo i les Planes",1132.9,11.329
2019,5,Sarrià-Sant Gervasi,23,Sarrià,304.7,3.047
2019,5,Sarrià-Sant Gervasi,24,les Tres Torres,78.8,0.788
2019,5,Sarrià-Sant Gervasi,25,Sant Gervasi - la Bonanova,223.4,2.234
2019,5,Sarrià-Sant Gervasi,26,Sant Gervasi - Galvany,166.9,1.669
2019,5,Sarrià-Sant Gervasi,27,el Putxet i el Farró,84.8,0.848
2019,6,Gràcia,28,Vallcarca i els Penitents,125.1,1.251
2019,6,Gràcia,29,el Coll,35.3,0.353
2019,6,Gràcia,30,la Salut,64.8,0.648
2019,6,Gràcia,31,la Vila de Gràcia,132.1,1.321
2019,6,Gràcia,32,el Camp d'en Grassot i Gràcia Nova,65.1,0.6509999999999999
2019,7,Horta-Guinardó,33,el Baix Guinardó,56.2,0.562
2019,7,Horta-Guinardó,34,Can Baró,38.4,0.384
2019,7,Horta-Guinardó,35,el Guinardó,130.9,1.3090000000000002
2019,7,Horta-Guinardó,36,la Font d'en Fargues,65.7,0.657
2019,7,Horta-Guinardó,37,el Carmel,94.0,0.9400000000000001
2019,7,Horta-Guinardó,38,la Teixonera,33.8,0.33799999999999997
2019,7,Horta-Guinardó,39,Sant Genís dels Agudells,168.1,1.681
2019,7,Horta-Guinardó,40,Montbau,205.5,2.055
2019,7,Horta-Guinardó,41,la Vall d'Hebron,74.5,0.745
2019,7,Horta-Guinardó,42,la Clota,17.8,0.17800000000000002
2019,7,Horta-Guinardó,43,Horta,307.0,3.0700000000000003
2019,8,Nou Barris,44,Vilapicina i la Torre Llobeta,56.4,0.564
2019,8,Nou Barris,45,Porta,83.7,0.8370000000000001
2019,8,Nou Barris,46,el Turó de la Peira,35.4,0.354
2019,8,Nou Barris,47,Can Peguera,11.9,0.11900000000000001
2019,8,Nou Barris,48,la Guineueta,61.2,0.612
2019,8,Nou Barris,49,Canyelles,79.0,0.79
2019,8,Nou Barris,50,les Roquetes,64.3,0.643
2019,8,Nou Barris,51,Verdun,23.7,0.237
2019,8,Nou Barris,52,la Prosperitat,59.1,0.5910000000000001
2019,8,Nou Barris,53,la Trinitat Nova,57.7,0.5770000000000001
2019,8,Nou Barris,54,Torre Baró,174.2,1.742
2019,8,Nou Barris,55,Ciutat Meridiana,37.7,0.37700000000000006
2019,8,Nou Barris,56,Vallbona,60.8,0.608
2019,9,Sant Andreu,57,la Trinitat Vella,80.8,0.8079999999999999
2019,9,Sant Andreu,58,Baró de Viver,23.0,0.23
2019,9,Sant Andreu,59,el Bon Pastor,186.5,1.865
2019,9,Sant Andreu,60,Sant Andreu,186.7,1.867
2019,9,Sant Andreu,61,la Sagrera,98.6,0.986
2019,9,Sant Andreu,62,el Congrés i els Indians,40.9,0.409
2019,9,Sant Andreu,63,Navas,42.4,0.424
2019,10,Sant Martí,64,el Camp de l'Arpa del Clot,74.1,0.741
2019,10,Sant Martí,65,el Clot,69.7,0.6970000000000001
2019,10,Sant Martí,66,el Parc i la Llacuna del Poblenou,112.2,1.122
2019,10,Sant Martí,67,la Vila Olímpica del Poblenou,92.5,0.925
2019,10,Sant Martí,68,el Poblenou,156.7,1.567
2019,10,Sant Martí,69,Diagonal Mar i el Front Marítim del Poblenou,120.3,1.203
2019,10,Sant Martí,70,el Besòs i el Maresme,118.5,1.185
2019,10,Sant Martí,71,Provençals del Poblenou,108.6,1.086
2019,10,Sant Martí,72,Sant Martí de Provençals,73.4,0.7340000000000001
2019,10,Sant Martí,73,la Verneda i la Pau,112.7,1.127
2020,1,Ciutat Vella,1,el Raval,110.0,1.1
2020,1,Ciutat Vella,2,el Barri Gòtic,81.6,0.816
2020,1,Ciutat Vella,3,la Barceloneta,117.9,1.179
2020,1,Ciutat Vella,4,"Sant Pere, Santa Caterina i la Ribera",111.0,1.11
2020,2,Eixample,5,el Fort Pienc,92.9,0.929
2020,2,Eixample,6,la Sagrada Família,104.2,1.042
2020,2,Eixample,7,la Dreta de l'Eixample,212.0,2.12
2020,2,Eixample,8,l'Antiga Esquerra de l'Eixample,122.8,1.228
2020,2,Eixample,9,la Nova Esquerra de l'Eixample,134.1,1.341
2020,2,Eixample,10,Sant Antoni,80.4,0.804
2020,3,Sants-Montjuïc,11,el Poble Sec,458.5,4.585
2020,3,Sants-Montjuïc,12,la Marina del Prat Vermell,1423.7,14.237
2020,3,Sants-Montjuïc,13,la Marina de Port,126.9,1.2690000000000001
2020,3,Sants-Montjuïc,14,la Font de la Guatlla,29.7,0.297
2020,3,Sants-Montjuïc,15,Hostafrancs,41.0,0.41000000000000003
2020,3,Sants-Montjuïc,16,la Bordeta,57.2,0.5720000000000001
2020,3,Sants-Montjuïc,17,Sants - Badal,41.5,0.41500000000000004
2020,3,Sants-Montjuïc,18,Sants,109.5,1.095
2020,4,Les Corts,19,les Corts,141.0,1.41
2020,4,Les Corts,20,la Maternitat i Sant Ramon,191.5,1.915
2020,4,Les Corts,21,Pedralbes,268.5,2.685
2020,5,Sarrià-Sant Gervasi,22,"Vallvidrera, el Tibidabo i les Planes",1132.9,11.329
2020,5,Sarrià-Sant Gervasi,23,Sarrià,304.7,3.047
2020,5,Sarrià-Sant Gervasi,24,les Tres Torres,78.8,0.788
2020,5,Sarrià-Sant Gervasi,25,Sant Gervasi - la Bonanova,223.4,2.234
2020,5,Sarrià-Sant Gervasi,26,Sant Gervasi - Galvany,166.9,1.669
2020,5,Sarrià-Sant Gervasi,27,el Putxet i el Farró,84.8,0.848
2020,6,Gràcia,28,Vallcarca i els Penitents,125.1,1.251
2020,6,Gràcia,29,el Coll,35.3,0.353
2020,6,Gràcia,30,la Salut,64.8,0.648
2020,6,Gràcia,31,la Vila de Gràcia,132.1,1.321
2020,6,Gràcia,32,el Camp d'en Grassot i Gràcia Nova,65.1,0.6509999999999999
2020,7,Horta-Guinardó,33,el Baix Guinardó,56.2,0.562
2020,7,Horta-Guinardó,34,Can Baró,38.4,0.384
2020,7,Horta-Guinardó,35,el Guinardó,130.9,1.3090000000000002
2020,7,Horta-Guinardó,36,la Font d'en Fargues,65.7,0.657
2020,7,Horta-Guinardó,37,el Carmel,94.0,0.9400000000000001
2020,7,Horta-Guinardó,38,la Teixonera,33.8,0.33799999999999997
2020,7,Horta-Guinardó,39,Sant Genís dels Agudells,168.1,1.681
2020,7,Horta-Guinardó,40,Montbau,205.5,2.055
2020,7,Horta-Guinardó,41,la Vall d'Hebron,74.5,0.745
2020,7,Horta-Guinardó,42,la Clota,17.8,0.17800000000000002
2020,7,Horta-Guinardó,43,Horta,307.0,3.0700000000000003
2020,8,Nou Barris,44,Vilapicina i la Torre Llobeta,56.4,0.564
2020,8,Nou Barris,45,Porta,83.7,0.8370000000000001
2020,8,Nou Barris,46,el Turó de la Peira,35.4,0.354
2020,8,Nou Barris,47,Can Peguera,11.9,0.11900000000000001
2020,8,Nou Barris,48,la Guineueta,61.2,0.612
2020,8,Nou Barris,49,Canyelles,79.0,0.79
2020,8,Nou Barris,50,les Roquetes,64.3,0.643
2020,8,Nou Barris,51,Verdun,23.7,0.237
2020,8,Nou Barris,52,la Prosperitat,59.1,0.5910000000000001
2020,8,Nou Barris,53,la Trinitat Nova,57.7,0.5770000000000001
2020,8,Nou Barris,54,Torre Baró,174.2,1.742
2020,8,Nou Barris,55,Ciutat Meridiana,37.7,0.37700000000000006
2020,8,Nou Barris,56,Vallbona,61.4,0.614
2020,9,Sant Andreu,57,la Trinitat Vella,80.8,0.8079999999999999
2020,9,Sant Andreu,58,Baró de Viver,23.0,0.23
2020,9,Sant Andreu,59,el Bon Pastor,186.8,1.868
2020,9,Sant Andreu,60,Sant Andreu,186.7,1.867
2020,9,Sant Andreu,61,la Sagrera,98.6,0.986
2020,9,Sant Andreu,62,el Congrés i els Indians,40.9,0.409
2020,9,Sant Andreu,63,Navas,42.4,0.424
2020,10,Sant Martí,64,el Camp de l'Arpa del Clot,74.1,0.741
2020,10,Sant Martí,65,el Clot,69.7,0.6970000000000001
2020,10,Sant Martí,66,el Parc i la Llacuna del Poblenou,112.2,1.122
2020,10,Sant Martí,67,la Vila Olímpica del Poblenou,92.5,0.925
2020,10,Sant Martí,68,el Poblenou,156.7,1.567
2020,10,Sant Martí,69,Diagonal Mar i el Front Marítim del Poblenou,122.7,1.227
2020,10,Sant Martí,70,el Besòs i el Maresme,120.9,1.209
2020,10,Sant Martí,71,Provençals del Poblenou,108.6,1.086
2020,10,Sant Martí,72,Sant Martí de Provençals,73.4,0.7340000000000001
2020,10,Sant Martí,73,la Verneda i la Pau,113.0,1.1300000000000001
2021,1,Ciutat Vella,1,el Raval,110.0,1.1
2021,1,Ciutat Vella,2,el Barri Gòtic,81.6,0.816
2021,1,Ciutat Vella,3,la Barceloneta,117.9,1.179
2021,1,Ciutat Vella,4,"Sant Pere, Santa Caterina i la Ribera",111.0,1.11
2021,2,Eixample,5,el Fort Pienc,92.9,0.929
2021,2,Eixample,6,la Sagrada Família,104.2,1.042
2021,2,Eixample,7,la Dreta de l'Eixample,212.0,2.12
2021,2,Eixample,8,l'Antiga Esquerra de l'Eixample,122.8,1.228
2021,2,Eixample,9,la Nova Esquerra de l'Eixample,134.1,1.341
2021,2,Eixample,10,Sant Antoni,80.4,0.804
2021,3,Sants-Montjuïc,11,el Poble Sec,458.5,4.585
2021,3,Sants-Montjuïc,12,la Marina del Prat Vermell,1423.7,14.237
2021,3,Sants-Montjuïc,13,la Marina de Port,126.9,1.2690000000000001
2021,3,Sants-Montjuïc,14,la Font de la Guatlla,29.7,0.297
2021,3,Sants-Montjuïc,15,Hostafrancs,41.0,0.41000000000000003
2021,3,Sants-Montjuïc,16,la Bordeta,57.2,0.5720000000000001
2021,3,Sants-Montjuïc,17,Sants - Badal,41.5,0.41500000000000004
2021,3,Sants-Montjuïc,18,Sants,109.5,1.095
2021,4,Les Corts,19,les Corts,141.0,1.41
2021,4,Les Corts,20,la Maternitat i Sant Ramon,191.5,1.915
2021,4,Les Corts,21,Pedralbes,268.5,2.685
2021,5,Sarrià-Sant Gervasi,22,"Vallvidrera, el Tibidabo i les Planes",1132.9,11.329
2021,5,Sarrià-Sant Gervasi,23,Sarrià,304.7,3.047
2021,5,Sarrià-Sant Gervasi,24,les Tres Torres,78.8,0.788
2021,5,Sarrià-Sant Gervasi,25,Sant Gervasi - la Bonanova,223.4,2.234
2021,5,Sarrià-Sant Gervasi,26,Sant Gervasi - Galvany,166.9,1.669
2021,5,Sarrià-Sant Gervasi,27,el Putxet i el Farró,84.8,0.848
2021,6,Gràcia,28,Vallcarca i els Penitents,125.1,1.251
2021,6,Gràcia,29,el Coll,35.3,0.353
2021,6,Gràcia,30,la Salut,64.8,0.648
2021,6,Gràcia,31,la Vila de Gràcia,132.1,1.321
2021,6,Gràcia,32,el Camp d'en Grassot i Gràcia Nova,65.1,0.6509999999999999
2021,7,Horta-Guinardó,33,el Baix Guinardó,56.2,0.562
2021,7,Horta-Guinardó,34,Can Baró,38.4,0.384
2021,7,Horta-Guinardó,35,el Guinardó,130.9,1.3090000000000002
2021,7,Horta-Guinardó,36,la Font d'en Fargues,65.7,0.657
2021,7,Horta-Guinardó,37,el Carmel,94.0,0.9400000000000001
2021,7,Horta-Guinardó,38,la Teixonera,33.8,0.33799999999999997
2021,7,Horta-Guinardó,39,Sant Genís dels Agudells,168.1,1.681
2021,7,Horta-Guinardó,40,Montbau,205.5,2.055
2021,7,Horta-Guinardó,41,la Vall d'Hebron,74.5,0.745
2021,7,Horta-Guinardó,42,la Clota,17.8,0.17800000000000002
2021,7,Horta-Guinardó,43,Horta,307.0,3.0700000000000003
2021,8,Nou Barris,44,Vilapicina i la Torre Llobeta,56.4,0.564
2021,8,Nou Barris,45,Porta,83.7,0.8370000000000001
2021,8,Nou Barris,46,el Turó de la Peira,35.4,0.354
2021,8,Nou Barris,47,Can Peguera,11.9,0.11900000000000001
2021,8,Nou Barris,48,la Guineueta,61.2,0.612
2021,8,Nou Barris,49,Canyelles,79.0,0.79
2021,8,Nou Barris,50,les Roquetes,64.3,0.643
2021,8,Nou Barris,51,Verdun,23.7,0.237
2021,8,Nou Barris,52,la Prosperitat,59.1,0.5910000000000001
2021,8,Nou Barris,53,la Trinitat Nova,57.7,0.5770000000000001
2021,8,Nou Barris,54,Torre Baró,174.2,1.742
2021,8,Nou Barris,55,Ciutat Meridiana,37.7,0.37700000000000006
2021,8,Nou Barris,56,Vallbona,61.4,0.614
2021,9,Sant Andreu,57,la Trinitat Vella,80.8,0.8079999999999999
2021,9,Sant Andreu,58,Baró de Viver,23.0,0.23
2021,9,Sant Andreu,59,el Bon Pastor,186.8,1.868
2021,9,Sant Andreu,60,Sant Andreu,186.7,1.867
2021,9,Sant Andreu,61,la Sagrera,98.6,0.986
2021,9,Sant Andreu,62,el Congrés i els Indians,40.9,0.409
2021,9,Sant Andreu,63,Navas,42.4,0.424
2021,10,Sant Martí,64,el Camp de l'Arpa del Clot,74.1,0.741
2021,10,Sant Martí,65,el Clot,69.7,0.6970000000000001
2021,10,Sant Martí,66,el Parc i la Llacuna del Poblenou,112.2,1.122
2021,10,Sant Martí,67,la Vila Olímpica del Poblenou,92.5,0.925
2021,10,Sant Martí,68,el Poblenou,156.7,1.567
2021,10,Sant Martí,69,Diagonal Mar i el Front Marítim del Poblenou,122.7,1.227
2021,10,Sant Martí,70,el Besòs i el Maresme,120.9,1.209
2021,10,Sant Martí,71,Provençals del Poblenou,108.6,1.086
2021,10,Sant Martí,72,Sant Martí de Provençals,73.4,0.7340000000000001
2021,10,Sant Martí,73,la Verneda i la Pau,113.0,1.1300000000000001
